4.7e-05,	-1.00004e+00,	8.13586e-01,	-9.99811e-01,	9.79920e-01
0.249903,	-1.00004e+00,	8.10303e-01,	-9.99812e-01,	9.75967e-01
0.499759,	-1.00004e+00,	8.06482e-01,	-9.99810e-01,	9.71990e-01
0.749615,	-1.00003e+00,	8.04277e-01,	-9.99808e-01,	9.68493e-01
1.000497,	-1.00003e+00,	8.00714e-01,	-9.99802e-01,	9.65208e-01
1.250347,	-1.00004e+00,	7.97504e-01,	-9.99800e-01,	9.61912e-01
1.500207,	-1.00004e+00,	7.94826e-01,	-9.99801e-01,	9.59120e-01
1.751087,	-1.00004e+00,	7.92087e-01,	-9.99805e-01,	9.56429e-01
2.000947,	-1.00003e+00,	7.89072e-01,	-9.99807e-01,	9.53909e-01
2.250797,	-1.00004e+00,	7.86989e-01,	-9.99809e-01,	9.51592e-01
2.500657,	-1.00004e+00,	7.84920e-01,	-9.99813e-01,	9.49016e-01
2.751537,	-1.00004e+00,	7.82406e-01,	-9.99809e-01,	9.46443e-01
3.001387,	-1.00004e+00,	7.80169e-01,	-9.99808e-01,	9.44223e-01
3.251247,	-1.00004e+00,	7.77795e-01,	-9.99804e-01,	9.42211e-01
3.501107,	-1.00004e+00,	7.74995e-01,	-9.99804e-01,	9.40026e-01
3.751987,	-1.00004e+00,	7.72942e-01,	-9.99810e-01,	9.37946e-01
4.001837,	-1.00003e+00,	7.70981e-01,	-9.99809e-01,	9.35856e-01
4.251697,	-1.00003e+00,	7.68404e-01,	-9.99808e-01,	9.33898e-01
4.502577,	-1.00003e+00,	7.67469e-01,	-9.99812e-01,	9.31995e-01
4.752427,	-1.00003e+00,	7.65637e-01,	-9.99817e-01,	9.30211e-01
5.002287,	-1.00003e+00,	7.63789e-01,	-9.99812e-01,	9.28383e-01
5.252147,	-1.00003e+00,	7.61996e-01,	-9.99808e-01,	9.26511e-01
5.503027,	-1.00003e+00,	7.59911e-01,	-9.99810e-01,	9.24854e-01
5.752877,	-1.00003e+00,	7.57896e-01,	-9.99808e-01,	9.23110e-01
6.002737,	-1.00003e+00,	7.56226e-01,	-9.99803e-01,	9.21555e-01
6.253617,	-1.00003e+00,	7.54472e-01,	-9.99804e-01,	9.19948e-01
6.503467,	-1.00002e+00,	7.53052e-01,	-9.99802e-01,	9.18419e-01
6.753327,	-1.00002e+00,	7.52883e-01,	-9.99803e-01,	9.17059e-01
7.003187,	-1.00002e+00,	7.50931e-01,	-9.99800e-01,	9.15550e-01
7.254067,	-1.00002e+00,	7.49341e-01,	-9.99794e-01,	9.14095e-01
7.503917,	-1.00002e+00,	7.47308e-01,	-9.99798e-01,	9.12623e-01
7.753777,	-1.00002e+00,	7.46189e-01,	-9.99801e-01,	9.11134e-01
8.003627,	-1.00002e+00,	7.44330e-01,	-9.99801e-01,	9.09707e-01
8.254507,	-1.00002e+00,	7.42792e-01,	-9.99798e-01,	9.08279e-01
8.504367,	-1.00002e+00,	7.41202e-01,	-9.99804e-01,	9.06897e-01
8.754227,	-1.00002e+00,	7.40406e-01,	-9.99800e-01,	9.05527e-01
9.005107,	-1.00002e+00,	7.38500e-01,	-9.99800e-01,	9.04067e-01
9.254957,	-1.00002e+00,	7.36870e-01,	-9.99799e-01,	9.02731e-01
9.504817,	-1.00002e+00,	7.35407e-01,	-9.99800e-01,	9.01350e-01
9.754667,	-1.00002e+00,	7.35708e-01,	-9.99804e-01,	9.00075e-01
10.025,	-1.00002e+00,	7.34500e-01,	-9.99803e-01,	8.98702e-01
10.274856,	-1.00002e+00,	7.32971e-01,	-9.99802e-01,	8.97449e-01
10.524712,	-1.00002e+00,	7.31522e-01,	-9.99807e-01,	8.96073e-01
10.774568,	-1.00003e+00,	7.29882e-01,	-9.99804e-01,	8.94892e-01
11.02545,	-1.00003e+00,	7.28550e-01,	-9.99803e-01,	8.93705e-01
11.2753,	-1.00003e+00,	7.27083e-01,	-9.99803e-01,	8.92503e-01
11.52516,	-1.00003e+00,	7.25136e-01,	-9.99802e-01,	8.91561e-01
11.77604,	-1.00003e+00,	7.23355e-01,	-9.99803e-01,	8.90095e-01
12.0259,	-1.00003e+00,	7.21272e-01,	-9.99805e-01,	8.88892e-01
12.27575,	-1.00002e+00,	7.20020e-01,	-9.99803e-01,	8.87730e-01
12.52561,	-1.00002e+00,	7.19193e-01,	-9.99800e-01,	8.86654e-01
12.77649,	-1.00003e+00,	7.17939e-01,	-9.99804e-01,	8.85601e-01
13.02634,	-1.00002e+00,	7.17107e-01,	-9.99800e-01,	8.84655e-01
13.2762,	-1.00002e+00,	7.15656e-01,	-9.99800e-01,	8.83455e-01
13.52606,	-1.00002e+00,	7.14048e-01,	-9.99804e-01,	8.82329e-01
13.77694,	-1.00002e+00,	7.12478e-01,	-9.99805e-01,	8.81177e-01
14.02679,	-1.00002e+00,	7.11318e-01,	-9.99800e-01,	8.80010e-01
14.27665,	-1.00003e+00,	7.10258e-01,	-9.99803e-01,	8.78897e-01
14.52753,	-1.00003e+00,	7.08977e-01,	-9.99800e-01,	8.77851e-01
14.77738,	-1.00003e+00,	7.08246e-01,	-9.99800e-01,	8.76919e-01
15.02724,	-1.00003e+00,	7.07268e-01,	-9.99805e-01,	8.75844e-01
15.2771,	-1.00003e+00,	7.06331e-01,	-9.99806e-01,	8.74932e-01
15.52798,	-1.00003e+00,	7.05326e-01,	-9.99804e-01,	8.74103e-01
15.77783,	-1.00003e+00,	7.03818e-01,	-9.99800e-01,	8.73196e-01
16.02769,	-1.00003e+00,	7.02661e-01,	-9.99799e-01,	8.72347e-01
16.27857,	-1.00003e+00,	7.01649e-01,	-9.99803e-01,	8.71423e-01
16.52842,	-1.00003e+00,	7.00812e-01,	-9.99802e-01,	8.70561e-01
16.77828,	-1.00003e+00,	6.99828e-01,	-9.99800e-01,	8.69564e-01
17.02814,	-1.00004e+00,	6.98868e-01,	-9.99798e-01,	8.68489e-01
17.27902,	-1.00004e+00,	6.97705e-01,	-9.99801e-01,	8.67573e-01
17.52887,	-1.00004e+00,	6.96640e-01,	-9.99801e-01,	8.66484e-01
17.77873,	-1.00004e+00,	6.95640e-01,	-9.99802e-01,	8.65587e-01
18.02858,	-1.00004e+00,	6.94544e-01,	-9.99804e-01,	8.64696e-01
18.27946,	-1.00005e+00,	6.93870e-01,	-9.99805e-01,	8.63819e-01
18.52932,	-1.00004e+00,	6.91466e-01,	-9.99803e-01,	8.62693e-01
18.77918,	-1.00004e+00,	6.89878e-01,	-9.99802e-01,	8.61837e-01
19.03006,	-1.00004e+00,	6.88856e-01,	-9.99805e-01,	8.61069e-01
19.27991,	-1.00004e+00,	6.87954e-01,	-9.99806e-01,	8.60220e-01
19.52977,	-1.00004e+00,	6.86494e-01,	-9.99806e-01,	8.59318e-01
19.77962,	-1.00003e+00,	6.84902e-01,	-9.99808e-01,	8.58587e-01
20.05,	-1.00003e+00,	6.84161e-01,	-9.99809e-01,	8.57619e-01
20.299856,	-1.00003e+00,	6.83973e-01,	-9.99805e-01,	8.56787e-01
20.549712,	-1.00003e+00,	6.82652e-01,	-9.99805e-01,	8.55904e-01
20.799568,	-1.00003e+00,	6.81582e-01,	-9.99804e-01,	8.55060e-01
21.05045,	-1.00003e+00,	6.80398e-01,	-9.99812e-01,	8.54132e-01
21.3003,	-1.00002e+00,	6.79067e-01,	-9.99810e-01,	8.53291e-01
21.55016,	-1.00002e+00,	6.77630e-01,	-9.99813e-01,	8.52734e-01
21.80104,	-1.00003e+00,	6.76050e-01,	-9.99810e-01,	8.52014e-01
22.0509,	-1.00002e+00,	6.75026e-01,	-9.99811e-01,	8.51235e-01
22.30075,	-1.00002e+00,	6.74538e-01,	-9.99806e-01,	8.50436e-01
22.55061,	-1.00002e+00,	6.73539e-01,	-9.99804e-01,	8.49639e-01
22.80149,	-1.00002e+00,	6.73038e-01,	-9.99806e-01,	8.48730e-01
23.05134,	-1.00002e+00,	6.71582e-01,	-9.99805e-01,	8.48064e-01
23.3012,	-1.00002e+00,	6.71460e-01,	-9.99811e-01,	8.47351e-01
23.55106,	-1.00001e+00,	6.69741e-01,	-9.99811e-01,	8.46552e-01
23.80194,	-1.00001e+00,	6.68720e-01,	-9.99815e-01,	8.45763e-01
24.05179,	-1.00002e+00,	6.67824e-01,	-9.99807e-01,	8.44925e-01
24.30165,	-1.00002e+00,	6.67357e-01,	-9.99804e-01,	8.44196e-01
24.55253,	-1.00002e+00,	6.65858e-01,	-9.99805e-01,	8.43420e-01
24.80238,	-1.00002e+00,	6.64443e-01,	-9.99802e-01,	8.42631e-01
25.05224,	-1.00003e+00,	6.63401e-01,	-9.99802e-01,	8.41794e-01
25.3021,	-1.00003e+00,	6.62544e-01,	-9.99797e-01,	8.40984e-01
25.55298,	-1.00003e+00,	6.61662e-01,	-9.99798e-01,	8.40270e-01
25.80283,	-1.00003e+00,	6.61118e-01,	-9.99801e-01,	8.39427e-01
26.05269,	-1.00003e+00,	6.60044e-01,	-9.99812e-01,	8.38490e-01
26.30357,	-1.00003e+00,	6.59142e-01,	-9.99812e-01,	8.37609e-01
26.55342,	-1.00003e+00,	6.58019e-01,	-9.99813e-01,	8.36848e-01
26.80328,	-1.00003e+00,	6.57130e-01,	-9.99804e-01,	8.36120e-01
27.05314,	-1.00003e+00,	6.56270e-01,	-9.99806e-01,	8.35409e-01
27.30402,	-1.00002e+00,	6.55877e-01,	-9.99805e-01,	8.34572e-01
27.55387,	-1.00003e+00,	6.54416e-01,	-9.99808e-01,	8.33836e-01
27.80373,	-1.00003e+00,	6.53695e-01,	-9.99806e-01,	8.33112e-01
28.05358,	-1.00003e+00,	6.53883e-01,	-9.99808e-01,	8.32495e-01
28.30446,	-1.00003e+00,	6.53358e-01,	-9.99805e-01,	8.31801e-01
28.55432,	-1.00002e+00,	6.51564e-01,	-9.99805e-01,	8.31044e-01
28.80418,	-1.00002e+00,	6.50418e-01,	-9.99806e-01,	8.30083e-01
29.05506,	-1.00002e+00,	6.49610e-01,	-9.99807e-01,	8.29341e-01
29.30491,	-1.00002e+00,	6.48801e-01,	-9.99805e-01,	8.28667e-01
29.55477,	-1.00002e+00,	6.47743e-01,	-9.99803e-01,	8.28097e-01
29.80462,	-1.00002e+00,	6.46810e-01,	-9.99805e-01,	8.27477e-01
30.0751,	-1.00002e+00,	6.46360e-01,	-9.99802e-01,	8.26779e-01
30.324956,	-1.00002e+00,	6.45399e-01,	-9.99805e-01,	8.26272e-01
30.574812,	-1.00001e+00,	6.44892e-01,	-9.99806e-01,	8.25603e-01
30.824668,	-1.00001e+00,	6.44150e-01,	-9.99802e-01,	8.24841e-01
31.07555,	-1.00002e+00,	6.43282e-01,	-9.99807e-01,	8.24065e-01
31.3254,	-1.00002e+00,	6.42062e-01,	-9.99803e-01,	8.23335e-01
31.57526,	-1.00002e+00,	6.41079e-01,	-9.99800e-01,	8.22782e-01
31.82614,	-1.00002e+00,	6.40557e-01,	-9.99800e-01,	8.22084e-01
32.076,	-1.00002e+00,	6.39821e-01,	-9.99793e-01,	8.21393e-01
32.32585,	-1.00003e+00,	6.38721e-01,	-9.99794e-01,	8.20747e-01
32.57571,	-1.00002e+00,	6.38006e-01,	-9.99791e-01,	8.20109e-01
32.82659,	-1.00002e+00,	6.37159e-01,	-9.99787e-01,	8.19445e-01
33.07644,	-1.00001e+00,	6.37161e-01,	-9.99787e-01,	8.18747e-01
33.3263,	-1.00002e+00,	6.36322e-01,	-9.99790e-01,	8.17971e-01
33.57616,	-1.00002e+00,	6.35502e-01,	-9.99792e-01,	8.17234e-01
33.82704,	-1.00003e+00,	6.35487e-01,	-9.99793e-01,	8.16589e-01
34.07689,	-1.00002e+00,	6.34056e-01,	-9.99795e-01,	8.16052e-01
34.32675,	-1.00002e+00,	6.33418e-01,	-9.99796e-01,	8.15437e-01
34.57763,	-1.00002e+00,	6.32439e-01,	-9.99798e-01,	8.14796e-01
34.82748,	-1.00002e+00,	6.31544e-01,	-9.99798e-01,	8.14164e-01
35.07734,	-1.00003e+00,	6.31101e-01,	-9.99797e-01,	8.13554e-01
35.3272,	-1.00003e+00,	6.30649e-01,	-9.99796e-01,	8.12845e-01
35.57808,	-1.00002e+00,	6.30019e-01,	-9.99802e-01,	8.12196e-01
35.82793,	-1.00002e+00,	6.29032e-01,	-9.99803e-01,	8.11502e-01
36.07779,	-1.00003e+00,	6.28403e-01,	-9.99804e-01,	8.10813e-01
36.32867,	-1.00003e+00,	6.26761e-01,	-9.99804e-01,	8.10182e-01
36.57852,	-1.00003e+00,	6.25628e-01,	-9.99800e-01,	8.09678e-01
36.82838,	-1.00003e+00,	6.25202e-01,	-9.99795e-01,	8.09215e-01
37.07824,	-1.00003e+00,	6.24837e-01,	-9.99792e-01,	8.08751e-01
37.32912,	-1.00003e+00,	6.25782e-01,	-9.99796e-01,	8.07894e-01
37.57897,	-1.00003e+00,	6.24395e-01,	-9.99794e-01,	8.07195e-01
37.82883,	-1.00002e+00,	6.23701e-01,	-9.99801e-01,	8.06782e-01
38.07868,	-1.00002e+00,	6.23649e-01,	-9.99802e-01,	8.06208e-01
38.32956,	-1.00001e+00,	6.22483e-01,	-9.99802e-01,	8.05601e-01
38.57942,	-1.00002e+00,	6.21686e-01,	-9.99806e-01,	8.05015e-01
38.82928,	-1.00002e+00,	6.20841e-01,	-9.99806e-01,	8.04371e-01
39.08016,	-1.00002e+00,	6.20257e-01,	-9.99809e-01,	8.03713e-01
39.33001,	-1.00002e+00,	6.19618e-01,	-9.99803e-01,	8.03161e-01
39.57987,	-1.00002e+00,	6.18626e-01,	-9.99801e-01,	8.02764e-01
39.82972,	-1.00002e+00,	6.17963e-01,	-9.99803e-01,	8.02199e-01
40.1001,	-1.00002e+00,	6.16986e-01,	-9.99801e-01,	8.01646e-01
40.349956,	-1.00002e+00,	6.16216e-01,	-9.99801e-01,	8.01252e-01
40.599812,	-1.00002e+00,	6.15634e-01,	-9.99808e-01,	8.00613e-01
40.849668,	-1.00002e+00,	6.15339e-01,	-9.99810e-01,	8.00205e-01
41.10055,	-1.00002e+00,	6.14352e-01,	-9.99809e-01,	7.99413e-01
41.3504,	-1.00002e+00,	6.13424e-01,	-9.99813e-01,	7.98976e-01
41.60026,	-1.00003e+00,	6.13053e-01,	-9.99814e-01,	7.98303e-01
41.85114,	-1.00003e+00,	6.12590e-01,	-9.99810e-01,	7.97692e-01
42.101,	-1.00004e+00,	6.11938e-01,	-9.99813e-01,	7.97185e-01
42.35085,	-1.00003e+00,	6.11110e-01,	-9.99815e-01,	7.96462e-01
42.60071,	-1.00002e+00,	6.10687e-01,	-9.99811e-01,	7.95952e-01
42.85159,	-1.00002e+00,	6.10075e-01,	-9.99805e-01,	7.95484e-01
43.10144,	-1.00002e+00,	6.09643e-01,	-9.99805e-01,	7.94960e-01
43.3513,	-1.00002e+00,	6.09128e-01,	-9.99802e-01,	7.94398e-01
43.60116,	-1.00003e+00,	6.08356e-01,	-9.99798e-01,	7.93960e-01
43.85204,	-1.00003e+00,	6.07387e-01,	-9.99801e-01,	7.93331e-01
44.10189,	-1.00003e+00,	6.06995e-01,	-9.99802e-01,	7.92661e-01
44.35175,	-1.00003e+00,	6.07274e-01,	-9.99802e-01,	7.91943e-01
44.60263,	-1.00003e+00,	6.05566e-01,	-9.99798e-01,	7.91600e-01
44.85248,	-1.00002e+00,	6.04235e-01,	-9.99800e-01,	7.91177e-01
45.10234,	-1.00002e+00,	6.04655e-01,	-9.99804e-01,	7.90634e-01
45.3522,	-1.00002e+00,	6.04145e-01,	-9.99803e-01,	7.90062e-01
45.60308,	-1.00003e+00,	6.03820e-01,	-9.99805e-01,	7.89431e-01
45.85293,	-1.00002e+00,	6.03175e-01,	-9.99808e-01,	7.88719e-01
46.10279,	-1.00002e+00,	6.01735e-01,	-9.99805e-01,	7.88244e-01
46.35264,	-1.00002e+00,	6.01970e-01,	-9.99802e-01,	7.87966e-01
46.60352,	-1.00002e+00,	6.00077e-01,	-9.99799e-01,	7.87397e-01
46.85338,	-1.00002e+00,	5.99969e-01,	-9.99797e-01,	7.86744e-01
47.10324,	-1.00002e+00,	5.99561e-01,	-9.99798e-01,	7.86257e-01
47.35412,	-1.00003e+00,	5.98761e-01,	-9.99801e-01,	7.85786e-01
47.60397,	-1.00003e+00,	5.98301e-01,	-9.99794e-01,	7.85267e-01
47.85383,	-1.00003e+00,	5.97462e-01,	-9.99795e-01,	7.84535e-01
48.10368,	-1.00003e+00,	5.97389e-01,	-9.99801e-01,	7.84039e-01
48.35456,	-1.00003e+00,	5.97796e-01,	-9.99801e-01,	7.83560e-01
48.60442,	-1.00003e+00,	5.96717e-01,	-9.99801e-01,	7.82915e-01
48.85428,	-1.00003e+00,	5.95563e-01,	-9.99804e-01,	7.82242e-01
49.10516,	-1.00003e+00,	5.94448e-01,	-9.99803e-01,	7.81807e-01
49.35501,	-1.00003e+00,	5.94002e-01,	-9.99803e-01,	7.81304e-01
49.60487,	-1.00003e+00,	5.93167e-01,	-9.99801e-01,	7.80883e-01
49.85472,	-1.00003e+00,	5.92814e-01,	-9.99798e-01,	7.80361e-01
50.1249,	-1.00002e+00,	5.92149e-01,	-9.99804e-01,	7.79646e-01
50.374756,	-1.00002e+00,	5.91670e-01,	-9.99800e-01,	7.79235e-01
50.624612,	-1.00002e+00,	5.91123e-01,	-9.99796e-01,	7.78749e-01
50.874468,	-1.00002e+00,	5.92634e-01,	-9.99801e-01,	7.78207e-01
51.12535,	-1.00002e+00,	5.92285e-01,	-9.99798e-01,	7.77645e-01
51.3752,	-1.00002e+00,	5.91172e-01,	-9.99793e-01,	7.77039e-01
51.62506,	-1.00002e+00,	5.89833e-01,	-9.99791e-01,	7.76587e-01
51.87594,	-1.00002e+00,	5.89062e-01,	-9.99800e-01,	7.76276e-01
52.1258,	-1.00002e+00,	5.88778e-01,	-9.99799e-01,	7.75869e-01
52.37565,	-1.00002e+00,	5.89585e-01,	-9.99798e-01,	7.75373e-01
52.62551,	-1.00002e+00,	5.89129e-01,	-9.99803e-01,	7.74776e-01
52.87639,	-1.00002e+00,	5.88113e-01,	-9.99802e-01,	7.74317e-01
53.12624,	-1.00002e+00,	5.87015e-01,	-9.99803e-01,	7.73645e-01
53.3761,	-1.00002e+00,	5.86480e-01,	-9.99806e-01,	7.73292e-01
53.62596,	-1.00002e+00,	5.85860e-01,	-9.99805e-01,	7.72813e-01
53.87684,	-1.00002e+00,	5.85809e-01,	-9.99804e-01,	7.72374e-01
54.12669,	-1.00002e+00,	5.84832e-01,	-9.99804e-01,	7.71560e-01
54.37655,	-1.00002e+00,	5.84824e-01,	-9.99800e-01,	7.71097e-01
54.62743,	-1.00002e+00,	5.84802e-01,	-9.99798e-01,	7.70519e-01
54.87728,	-1.00002e+00,	5.84054e-01,	-9.99796e-01,	7.70047e-01
55.12714,	-1.00002e+00,	5.83393e-01,	-9.99795e-01,	7.69486e-01
55.377,	-1.00002e+00,	5.83935e-01,	-9.99799e-01,	7.68941e-01
55.62788,	-1.00002e+00,	5.82827e-01,	-9.99798e-01,	7.68415e-01
55.87773,	-1.00002e+00,	5.82201e-01,	-9.99794e-01,	7.67922e-01
56.12759,	-1.00002e+00,	5.81833e-01,	-9.99789e-01,	7.67495e-01
56.37847,	-1.00002e+00,	5.81321e-01,	-9.99788e-01,	7.67072e-01
56.62832,	-1.00001e+00,	5.80611e-01,	-9.99790e-01,	7.66641e-01
56.87818,	-1.00001e+00,	5.79959e-01,	-9.99791e-01,	7.66212e-01
57.12804,	-1.00001e+00,	5.79998e-01,	-9.99791e-01,	7.65678e-01
57.37892,	-1.00001e+00,	5.79542e-01,	-9.99789e-01,	7.65098e-01
57.62877,	-1.00001e+00,	5.78905e-01,	-9.99789e-01,	7.64671e-01
57.87863,	-1.00001e+00,	5.78354e-01,	-9.99783e-01,	7.64324e-01
58.12951,	-1.00001e+00,	5.78006e-01,	-9.99783e-01,	7.63856e-01
58.37936,	-1.00001e+00,	5.77418e-01,	-9.99784e-01,	7.63436e-01
58.62922,	-1.00002e+00,	5.77043e-01,	-9.99791e-01,	7.62975e-01
58.87908,	-1.00002e+00,	5.76626e-01,	-9.99797e-01,	7.62528e-01
59.12996,	-1.00002e+00,	5.76215e-01,	-9.99798e-01,	7.62291e-01
59.37981,	-1.00002e+00,	5.75408e-01,	-9.99798e-01,	7.61875e-01
59.62967,	-1.00002e+00,	5.75152e-01,	-9.99793e-01,	7.61446e-01
59.87952,	-1.00002e+00,	5.74447e-01,	-9.99790e-01,	7.60929e-01
60.15,	-1.00002e+00,	5.73824e-01,	-9.99792e-01,	7.60186e-01
60.399856,	-1.00002e+00,	5.73247e-01,	-9.99798e-01,	7.59765e-01
60.649712,	-1.00002e+00,	5.73158e-01,	-9.99797e-01,	7.59303e-01
60.899568,	-1.00002e+00,	5.72629e-01,	-9.99797e-01,	7.58819e-01
61.15045,	-1.00002e+00,	5.73031e-01,	-9.99795e-01,	7.58340e-01
61.4003,	-1.00002e+00,	5.75591e-01,	-9.99795e-01,	7.57921e-01
61.65016,	-1.00002e+00,	5.75639e-01,	-9.99794e-01,	7.57386e-01
61.90104,	-1.00003e+00,	5.74222e-01,	-9.99797e-01,	7.56929e-01
62.1509,	-1.00002e+00,	5.73785e-01,	-9.99798e-01,	7.56368e-01
62.40075,	-1.00002e+00,	5.73704e-01,	-9.99794e-01,	7.55838e-01
62.65061,	-1.00003e+00,	5.73262e-01,	-9.99794e-01,	7.55370e-01
62.90149,	-1.00002e+00,	5.73177e-01,	-9.99795e-01,	7.55224e-01
63.15134,	-1.00002e+00,	5.72552e-01,	-9.99792e-01,	7.54802e-01
63.4012,	-1.00002e+00,	5.71771e-01,	-9.99792e-01,	7.54316e-01
63.65106,	-1.00002e+00,	5.72134e-01,	-9.99796e-01,	7.53945e-01
63.90194,	-1.00002e+00,	5.70742e-01,	-9.99787e-01,	7.53465e-01
64.15179,	-1.00002e+00,	5.70283e-01,	-9.99791e-01,	7.52943e-01
64.40165,	-1.00002e+00,	5.69793e-01,	-9.99796e-01,	7.52602e-01
64.65253,	-1.00002e+00,	5.68878e-01,	-9.99799e-01,	7.52194e-01
64.90238,	-1.00002e+00,	5.68190e-01,	-9.99799e-01,	7.51697e-01
65.15224,	-1.00001e+00,	5.67853e-01,	-9.99789e-01,	7.51290e-01
65.4021,	-1.00001e+00,	5.68394e-01,	-9.99790e-01,	7.51052e-01
65.65298,	-1.00001e+00,	5.67148e-01,	-9.99795e-01,	7.50575e-01
65.90283,	-1.00001e+00,	5.66807e-01,	-9.99794e-01,	7.50262e-01
66.15269,	-1.00001e+00,	5.65646e-01,	-9.99796e-01,	7.49689e-01
66.40357,	-1.00001e+00,	5.65236e-01,	-9.99792e-01,	7.49205e-01
66.65342,	-1.00001e+00,	5.65043e-01,	-9.99787e-01,	7.48858e-01
66.90328,	-1.00002e+00,	5.64805e-01,	-9.99782e-01,	7.48416e-01
67.15314,	-1.00002e+00,	5.64348e-01,	-9.99776e-01,	7.47796e-01
67.40402,	-1.00002e+00,	5.63428e-01,	-9.99779e-01,	7.47457e-01
67.65387,	-1.00002e+00,	5.62995e-01,	-9.99774e-01,	7.47006e-01
67.90373,	-1.00002e+00,	5.62898e-01,	-9.99777e-01,	7.46442e-01
68.15358,	-1.00002e+00,	5.62960e-01,	-9.99774e-01,	7.46015e-01
68.40446,	-1.00003e+00,	5.62806e-01,	-9.99780e-01,	7.45739e-01
68.65432,	-1.00003e+00,	5.61851e-01,	-9.99783e-01,	7.45427e-01
68.90418,	-1.00002e+00,	5.61303e-01,	-9.99782e-01,	7.45019e-01
69.15506,	-1.00002e+00,	5.61182e-01,	-9.99778e-01,	7.44804e-01
69.40491,	-1.00001e+00,	5.60436e-01,	-9.99777e-01,	7.44453e-01
69.65477,	-1.00001e+00,	5.59703e-01,	-9.99779e-01,	7.43962e-01
69.90462,	-1.00001e+00,	5.59135e-01,	-9.99779e-01,	7.43592e-01
70.1751,	-1.00001e+00,	5.60274e-01,	-9.99774e-01,	7.43294e-01
70.424956,	-1.00001e+00,	5.60126e-01,	-9.99774e-01,	7.42936e-01
70.674812,	-1.00001e+00,	5.59103e-01,	-9.99774e-01,	7.42549e-01
70.924668,	-1.00001e+00,	5.57490e-01,	-9.99771e-01,	7.42155e-01
71.17555,	-1.00001e+00,	5.57691e-01,	-9.99772e-01,	7.41726e-01
71.4254,	-1.00001e+00,	5.57176e-01,	-9.99771e-01,	7.41271e-01
71.67526,	-1.00001e+00,	5.56443e-01,	-9.99772e-01,	7.40782e-01
71.92614,	-1.00001e+00,	5.56001e-01,	-9.99776e-01,	7.40308e-01
72.176,	-1.00001e+00,	5.57093e-01,	-9.99778e-01,	7.39943e-01
72.42585,	-1.00001e+00,	5.56920e-01,	-9.99772e-01,	7.39545e-01
72.67571,	-1.00001e+00,	5.55907e-01,	-9.99780e-01,	7.38962e-01
72.92659,	-1.00000e+00,	5.55322e-01,	-9.99779e-01,	7.38406e-01
73.17644,	-1.00001e+00,	5.54857e-01,	-9.99780e-01,	7.37977e-01
73.4263,	-1.00001e+00,	5.54029e-01,	-9.99779e-01,	7.37550e-01
73.67616,	-1.00001e+00,	5.53244e-01,	-9.99777e-01,	7.36954e-01
73.92704,	-1.00001e+00,	5.52413e-01,	-9.99777e-01,	7.36568e-01
74.17689,	-1.00001e+00,	5.51921e-01,	-9.99779e-01,	7.36179e-01
74.42675,	-1.00001e+00,	5.51674e-01,	-9.99783e-01,	7.35742e-01
74.67763,	-1.00001e+00,	5.51301e-01,	-9.99784e-01,	7.35437e-01
74.92748,	-1.00001e+00,	5.50750e-01,	-9.99785e-01,	7.35090e-01
75.17734,	-1.00001e+00,	5.50107e-01,	-9.99786e-01,	7.34736e-01
75.4272,	-1.00001e+00,	5.49716e-01,	-9.99780e-01,	7.34402e-01
75.67808,	-1.00002e+00,	5.49476e-01,	-9.99777e-01,	7.34045e-01
75.92793,	-1.00001e+00,	5.49226e-01,	-9.99774e-01,	7.33797e-01
76.17779,	-1.00002e+00,	5.49082e-01,	-9.99772e-01,	7.33587e-01
76.42867,	-1.00001e+00,	5.48419e-01,	-9.99771e-01,	7.33273e-01
76.67852,	-1.00001e+00,	5.48032e-01,	-9.99769e-01,	7.32800e-01
76.92838,	-1.00000e+00,	5.47158e-01,	-9.99766e-01,	7.32337e-01
77.17824,	-9.99999e-01,	5.46751e-01,	-9.99769e-01,	7.31953e-01
77.42912,	-9.99998e-01,	5.46616e-01,	-9.99769e-01,	7.31876e-01
77.67897,	-1.00000e+00,	5.46131e-01,	-9.99768e-01,	7.31365e-01
77.92883,	-9.99995e-01,	5.45209e-01,	-9.99774e-01,	7.30861e-01
78.17868,	-9.99997e-01,	5.44842e-01,	-9.99773e-01,	7.30455e-01
78.42956,	-1.00000e+00,	5.44644e-01,	-9.99765e-01,	7.30026e-01
78.67942,	-9.99999e-01,	5.44066e-01,	-9.99765e-01,	7.29567e-01
78.92928,	-9.99998e-01,	5.44812e-01,	-9.99771e-01,	7.29087e-01
79.18016,	-1.00000e+00,	5.43043e-01,	-9.99774e-01,	7.28694e-01
79.43001,	-1.00000e+00,	5.43185e-01,	-9.99780e-01,	7.28259e-01
79.67987,	-1.00001e+00,	5.42504e-01,	-9.99779e-01,	7.27791e-01
79.92972,	-1.00001e+00,	5.41961e-01,	-9.99780e-01,	7.27547e-01
80.2,	-1.00000e+00,	5.41631e-01,	-9.99781e-01,	7.27287e-01
80.449856,	-1.00001e+00,	5.41132e-01,	-9.99778e-01,	7.27000e-01
80.699712,	-1.00001e+00,	5.41729e-01,	-9.99776e-01,	7.26609e-01
80.949568,	-1.00001e+00,	5.41673e-01,	-9.99775e-01,	7.26233e-01
81.20045,	-1.00001e+00,	5.41034e-01,	-9.99772e-01,	7.25854e-01
81.4503,	-1.00000e+00,	5.40405e-01,	-9.99774e-01,	7.25509e-01
81.70016,	-1.00000e+00,	5.40026e-01,	-9.99777e-01,	7.25186e-01
81.95104,	-1.00001e+00,	5.39546e-01,	-9.99784e-01,	7.24825e-01
82.2009,	-1.00001e+00,	5.38944e-01,	-9.99791e-01,	7.24493e-01
82.45075,	-1.00001e+00,	5.38905e-01,	-9.99791e-01,	7.24179e-01
82.70061,	-1.00001e+00,	5.38141e-01,	-9.99793e-01,	7.23812e-01
82.95149,	-1.00001e+00,	5.38073e-01,	-9.99791e-01,	7.23402e-01
83.20134,	-1.00001e+00,	5.37479e-01,	-9.99786e-01,	7.23099e-01
83.4512,	-1.00001e+00,	5.36996e-01,	-9.99783e-01,	7.22860e-01
83.70106,	-1.00001e+00,	5.36556e-01,	-9.99778e-01,	7.22532e-01
83.95194,	-1.00001e+00,	5.37384e-01,	-9.99781e-01,	7.22192e-01
84.20179,	-1.00001e+00,	5.37976e-01,	-9.99783e-01,	7.21859e-01
84.45165,	-1.00001e+00,	5.36201e-01,	-9.99784e-01,	7.21496e-01
84.70253,	-1.00002e+00,	5.35700e-01,	-9.99788e-01,	7.21140e-01
84.95238,	-1.00002e+00,	5.33950e-01,	-9.99788e-01,	7.20790e-01
85.20224,	-1.00002e+00,	5.33886e-01,	-9.99786e-01,	7.20493e-01
85.4521,	-1.00002e+00,	5.33444e-01,	-9.99786e-01,	7.20143e-01
85.70298,	-1.00002e+00,	5.31846e-01,	-9.99783e-01,	7.19808e-01
85.95283,	-1.00002e+00,	5.30896e-01,	-9.99781e-01,	7.19446e-01
86.20269,	-1.00002e+00,	5.30946e-01,	-9.99779e-01,	7.19057e-01
86.45357,	-1.00002e+00,	5.31167e-01,	-9.99777e-01,	7.18623e-01
86.70342,	-1.00002e+00,	5.29607e-01,	-9.99769e-01,	7.18246e-01
86.95328,	-1.00002e+00,	5.29271e-01,	-9.99768e-01,	7.17857e-01
87.20314,	-1.00002e+00,	5.28232e-01,	-9.99764e-01,	7.17414e-01
87.45402,	-1.00002e+00,	5.28068e-01,	-9.99761e-01,	7.17077e-01
87.70387,	-1.00001e+00,	5.26970e-01,	-9.99761e-01,	7.16673e-01
87.95373,	-1.00001e+00,	5.27653e-01,	-9.99761e-01,	7.16280e-01
88.20358,	-1.00001e+00,	5.26920e-01,	-9.99763e-01,	7.15907e-01
88.45446,	-1.00001e+00,	5.22978e-01,	-9.99769e-01,	7.15536e-01
88.70432,	-1.00001e+00,	5.22069e-01,	-9.99773e-01,	7.15201e-01
88.95418,	-1.00001e+00,	5.21849e-01,	-9.99773e-01,	7.14804e-01
89.20506,	-1.00001e+00,	5.21156e-01,	-9.99768e-01,	7.14441e-01
89.45491,	-1.00002e+00,	5.21291e-01,	-9.99771e-01,	7.14082e-01
89.70477,	-1.00002e+00,	5.21556e-01,	-9.99772e-01,	7.13747e-01
89.95462,	-1.00002e+00,	5.22341e-01,	-9.99774e-01,	7.13470e-01
90.2251,	-1.00001e+00,	5.20567e-01,	-9.99776e-01,	7.13117e-01
90.474956,	-1.00001e+00,	5.19720e-01,	-9.99772e-01,	7.12769e-01
90.724812,	-1.00001e+00,	5.19601e-01,	-9.99767e-01,	7.12434e-01
90.974668,	-1.00001e+00,	5.18202e-01,	-9.99763e-01,	7.12108e-01
91.22555,	-1.00001e+00,	5.18177e-01,	-9.99757e-01,	7.11782e-01
91.4754,	-1.00001e+00,	5.19482e-01,	-9.99761e-01,	7.11430e-01
91.72526,	-1.00001e+00,	5.19693e-01,	-9.99760e-01,	7.11074e-01
91.97614,	-1.00001e+00,	5.16892e-01,	-9.99763e-01,	7.10726e-01
92.226,	-1.00001e+00,	5.15674e-01,	-9.99770e-01,	7.10330e-01
92.47585,	-1.00001e+00,	5.15722e-01,	-9.99773e-01,	7.09986e-01
92.72571,	-1.00001e+00,	5.15848e-01,	-9.99775e-01,	7.09673e-01
92.97659,	-1.00001e+00,	5.15303e-01,	-9.99777e-01,	7.09361e-01
93.22644,	-1.00001e+00,	5.14897e-01,	-9.99775e-01,	7.08982e-01
93.4763,	-1.00001e+00,	5.15088e-01,	-9.99772e-01,	7.08547e-01
93.72616,	-1.00001e+00,	5.14529e-01,	-9.99778e-01,	7.08282e-01
93.97704,	-1.00001e+00,	5.14983e-01,	-9.99779e-01,	7.07977e-01
94.22689,	-1.00002e+00,	5.16139e-01,	-9.99780e-01,	7.07653e-01
94.47675,	-1.00002e+00,	5.16047e-01,	-9.99779e-01,	7.07306e-01
94.72763,	-1.00002e+00,	5.14858e-01,	-9.99774e-01,	7.06917e-01
94.97748,	-1.00002e+00,	5.14679e-01,	-9.99778e-01,	7.06544e-01
95.22734,	-1.00002e+00,	5.14357e-01,	-9.99778e-01,	7.06202e-01
95.4772,	-1.00002e+00,	5.13807e-01,	-9.99773e-01,	7.05821e-01
95.72808,	-1.00002e+00,	5.13459e-01,	-9.99765e-01,	7.05427e-01
95.97793,	-1.00002e+00,	5.12885e-01,	-9.99759e-01,	7.05112e-01
96.22779,	-1.00002e+00,	5.12568e-01,	-9.99755e-01,	7.04756e-01
96.47764,	-1.00002e+00,	5.11463e-01,	-9.99756e-01,	7.04385e-01
96.72852,	-1.00003e+00,	5.10849e-01,	-9.99755e-01,	7.04030e-01
96.97838,	-1.00002e+00,	5.12855e-01,	-9.99757e-01,	7.03647e-01
97.22824,	-1.00002e+00,	5.12918e-01,	-9.99756e-01,	7.03273e-01
97.47912,	-1.00002e+00,	5.12551e-01,	-9.99756e-01,	7.02902e-01
97.72897,	-1.00003e+00,	5.12090e-01,	-9.99761e-01,	7.02545e-01
97.97883,	-1.00002e+00,	5.11178e-01,	-9.99767e-01,	7.02023e-01
98.22868,	-1.00002e+00,	5.11616e-01,	-9.99771e-01,	7.01651e-01
98.47956,	-1.00002e+00,	5.10835e-01,	-9.99764e-01,	7.01295e-01
98.72942,	-1.00002e+00,	5.10193e-01,	-9.99762e-01,	7.00953e-01
98.97928,	-1.00002e+00,	5.10210e-01,	-9.99766e-01,	7.00531e-01
99.23016,	-1.00002e+00,	5.11055e-01,	-9.99767e-01,	7.00095e-01
99.48001,	-1.00002e+00,	5.10747e-01,	-9.99766e-01,	6.99735e-01
99.72987,	-1.00002e+00,	5.11452e-01,	-9.99764e-01,	6.99388e-01
99.97972,	-1.00002e+00,	5.09640e-01,	-9.99763e-01,	6.98979e-01
100.25,	-1.00001e+00,	5.09106e-01,	-9.99763e-01,	6.98577e-01
100.499856,	-1.00001e+00,	5.08478e-01,	-9.99761e-01,	6.98199e-01
100.749712,	-1.00001e+00,	5.07771e-01,	-9.99759e-01,	6.97878e-01
100.999568,	-1.00001e+00,	5.07273e-01,	-9.99760e-01,	6.97474e-01
101.25045,	-1.00001e+00,	5.07545e-01,	-9.99760e-01,	6.97014e-01
101.5003,	-1.00001e+00,	5.06693e-01,	-9.99758e-01,	6.96485e-01
101.75016,	-1.00001e+00,	5.06573e-01,	-9.99759e-01,	6.96093e-01
102.00002,	-1.00000e+00,	5.06656e-01,	-9.99758e-01,	6.95711e-01
102.2509,	-1.00000e+00,	5.07420e-01,	-9.99762e-01,	6.95360e-01
102.50075,	-1.00000e+00,	5.06370e-01,	-9.99764e-01,	6.95038e-01
102.75061,	-9.99999e-01,	5.06417e-01,	-9.99758e-01,	6.94659e-01
103.00149,	-9.99999e-01,	5.06022e-01,	-9.99760e-01,	6.94253e-01
103.25134,	-9.99999e-01,	5.05827e-01,	-9.99763e-01,	6.93983e-01
103.5012,	-1.00000e+00,	5.04969e-01,	-9.99761e-01,	6.93540e-01
103.75106,	-1.00000e+00,	5.04743e-01,	-9.99756e-01,	6.93104e-01
104.00194,	-1.00001e+00,	5.03914e-01,	-9.99757e-01,	6.92704e-01
104.25179,	-1.00001e+00,	5.03782e-01,	-9.99758e-01,	6.92383e-01
104.50165,	-1.00001e+00,	5.03134e-01,	-9.99755e-01,	6.92182e-01
104.75253,	-1.00001e+00,	5.02617e-01,	-9.99753e-01,	6.91875e-01
105.00238,	-1.00001e+00,	5.02374e-01,	-9.99752e-01,	6.91493e-01
105.25224,	-1.00001e+00,	5.01827e-01,	-9.99754e-01,	6.91145e-01
105.5021,	-1.00000e+00,	5.01427e-01,	-9.99751e-01,	6.90769e-01
105.75298,	-1.00000e+00,	5.00800e-01,	-9.99742e-01,	6.90257e-01
106.00283,	-1.00001e+00,	5.00558e-01,	-9.99739e-01,	6.89881e-01
106.25269,	-1.00001e+00,	4.99967e-01,	-9.99742e-01,	6.89510e-01
106.50254,	-1.00001e+00,	5.00462e-01,	-9.99742e-01,	6.89118e-01
106.75342,	-1.00002e+00,	4.99683e-01,	-9.99741e-01,	6.88743e-01
107.00328,	-1.00002e+00,	5.00301e-01,	-9.99743e-01,	6.88298e-01
107.25314,	-1.00001e+00,	5.00167e-01,	-9.99742e-01,	6.87903e-01
107.50402,	-1.00001e+00,	4.99603e-01,	-9.99747e-01,	6.87515e-01
107.75387,	-1.00002e+00,	4.99815e-01,	-9.99750e-01,	6.87142e-01
108.00373,	-1.00002e+00,	4.99048e-01,	-9.99753e-01,	6.86711e-01
108.25358,	-1.00001e+00,	4.97958e-01,	-9.99747e-01,	6.86292e-01
108.50446,	-1.00002e+00,	4.97846e-01,	-9.99744e-01,	6.85902e-01
108.75432,	-1.00001e+00,	4.97048e-01,	-9.99739e-01,	6.85555e-01
109.00418,	-1.00001e+00,	4.98219e-01,	-9.99737e-01,	6.85375e-01
109.25506,	-1.00000e+00,	4.95474e-01,	-9.99743e-01,	6.85383e-01
109.50491,	-1.00001e+00,	4.95241e-01,	-9.99746e-01,	6.85061e-01
109.75477,	-1.00001e+00,	4.94250e-01,	-9.99745e-01,	6.84666e-01
110.00462,	-1.00001e+00,	4.93539e-01,	-9.99747e-01,	6.84491e-01
110.275,	-1.00001e+00,	4.92773e-01,	-9.99744e-01,	6.84093e-01
110.524856,	-1.00002e+00,	4.89943e-01,	-9.99748e-01,	6.83725e-01
110.774712,	-1.00002e+00,	4.89959e-01,	-9.99746e-01,	6.83409e-01
111.024568,	-1.00002e+00,	4.89817e-01,	-9.99750e-01,	6.83079e-01
111.27545,	-1.00002e+00,	4.89100e-01,	-9.99749e-01,	6.82680e-01
111.5253,	-1.00002e+00,	4.88905e-01,	-9.99744e-01,	6.82336e-01
111.77516,	-1.00002e+00,	4.89542e-01,	-9.99743e-01,	6.81949e-01
112.02502,	-1.00002e+00,	4.89088e-01,	-9.99745e-01,	6.81563e-01
112.2759,	-1.00002e+00,	4.88769e-01,	-9.99741e-01,	6.81191e-01
112.52575,	-1.00002e+00,	4.87631e-01,	-9.99746e-01,	6.80813e-01
112.77561,	-1.00002e+00,	4.86915e-01,	-9.99750e-01,	6.80418e-01
113.02649,	-1.00002e+00,	4.87521e-01,	-9.99747e-01,	6.80023e-01
113.27634,	-1.00002e+00,	4.86616e-01,	-9.99750e-01,	6.79613e-01
113.5262,	-1.00002e+00,	4.86370e-01,	-9.99749e-01,	6.79243e-01
113.77606,	-1.00002e+00,	4.86355e-01,	-9.99745e-01,	6.78865e-01
114.02694,	-1.00002e+00,	4.85908e-01,	-9.99748e-01,	6.78459e-01
114.27679,	-1.00002e+00,	4.85912e-01,	-9.99747e-01,	6.78072e-01
114.52665,	-1.00002e+00,	4.85069e-01,	-9.99747e-01,	6.77678e-01
114.77753,	-1.00001e+00,	4.84755e-01,	-9.99747e-01,	6.77211e-01
115.02738,	-1.00002e+00,	4.84652e-01,	-9.99740e-01,	6.76886e-01
115.27724,	-1.00001e+00,	4.83866e-01,	-9.99738e-01,	6.76491e-01
115.5271,	-1.00002e+00,	4.83953e-01,	-9.99732e-01,	6.76111e-01
115.77798,	-1.00002e+00,	4.81982e-01,	-9.99730e-01,	6.75741e-01
116.02783,	-1.00002e+00,	4.81861e-01,	-9.99724e-01,	6.75396e-01
116.27769,	-1.00001e+00,	4.81125e-01,	-9.99733e-01,	6.75009e-01
116.52857,	-1.00001e+00,	4.80580e-01,	-9.99738e-01,	6.74518e-01
116.77842,	-1.00001e+00,	4.80356e-01,	-9.99739e-01,	6.74023e-01
117.02828,	-1.00001e+00,	4.81406e-01,	-9.99738e-01,	6.73618e-01
117.27814,	-1.00001e+00,	4.80140e-01,	-9.99744e-01,	6.73184e-01
117.52902,	-1.00002e+00,	4.79439e-01,	-9.99738e-01,	6.72788e-01
117.77887,	-1.00002e+00,	4.79320e-01,	-9.99737e-01,	6.72403e-01
118.02873,	-1.00002e+00,	4.78610e-01,	-9.99742e-01,	6.72021e-01
118.27858,	-1.00002e+00,	4.78624e-01,	-9.99744e-01,	6.71630e-01
118.52946,	-1.00002e+00,	4.78562e-01,	-9.99743e-01,	6.71253e-01
118.77932,	-1.00002e+00,	4.78892e-01,	-9.99747e-01,	6.70838e-01
119.02918,	-1.00002e+00,	4.77472e-01,	-9.99738e-01,	6.70379e-01
119.28006,	-1.00002e+00,	4.76548e-01,	-9.99733e-01,	6.70065e-01
119.52991,	-1.00002e+00,	4.76214e-01,	-9.99730e-01,	6.69805e-01
119.77977,	-1.00002e+00,	4.76496e-01,	-9.99736e-01,	6.69574e-01
120.02962,	-1.00002e+00,	4.76315e-01,	-9.99739e-01,	6.69238e-01
120.3,	-1.00002e+00,	4.75686e-01,	-9.99739e-01,	6.68866e-01
120.549856,	-1.00002e+00,	4.75616e-01,	-9.99742e-01,	6.68509e-01
120.799712,	-1.00002e+00,	4.74828e-01,	-9.99734e-01,	6.68180e-01
121.049568,	-1.00002e+00,	4.74708e-01,	-9.99729e-01,	6.67860e-01
121.30045,	-1.00002e+00,	4.75525e-01,	-9.99729e-01,	6.67447e-01
121.5503,	-1.00002e+00,	4.76446e-01,	-9.99727e-01,	6.67082e-01
121.80016,	-1.00002e+00,	4.78427e-01,	-9.99733e-01,	6.66713e-01
122.05104,	-1.00001e+00,	4.77932e-01,	-9.99733e-01,	6.66336e-01
122.3009,	-1.00001e+00,	4.79093e-01,	-9.99734e-01,	6.65636e-01
122.55075,	-1.00002e+00,	4.78771e-01,	-9.99733e-01,	6.65047e-01
122.80061,	-1.00001e+00,	4.77701e-01,	-9.99735e-01,	6.64613e-01
123.05149,	-1.00002e+00,	4.74656e-01,	-9.99738e-01,	6.64148e-01
123.30134,	-1.00002e+00,	4.73755e-01,	-9.99742e-01,	6.63739e-01
123.5512,	-1.00002e+00,	4.73828e-01,	-9.99739e-01,	6.63231e-01
123.80106,	-1.00002e+00,	4.74014e-01,	-9.99733e-01,	6.62745e-01
124.05194,	-1.00002e+00,	4.74435e-01,	-9.99730e-01,	6.62796e-01
124.30179,	-1.00002e+00,	4.72979e-01,	-9.99737e-01,	6.62491e-01
124.55165,	-1.00002e+00,	4.72581e-01,	-9.99737e-01,	6.62169e-01
124.80253,	-1.00002e+00,	4.73253e-01,	-9.99737e-01,	6.61827e-01
125.05238,	-1.00002e+00,	4.73930e-01,	-9.99736e-01,	6.61119e-01
125.30224,	-1.00002e+00,	4.73772e-01,	-9.99735e-01,	6.60705e-01
125.5521,	-1.00002e+00,	4.72677e-01,	-9.99734e-01,	6.60336e-01
125.80298,	-1.00002e+00,	4.71341e-01,	-9.99733e-01,	6.60189e-01
126.05283,	-1.00002e+00,	4.70286e-01,	-9.99730e-01,	6.59837e-01
126.30269,	-1.00002e+00,	4.69915e-01,	-9.99727e-01,	6.59487e-01
126.55357,	-1.00002e+00,	4.69643e-01,	-9.99725e-01,	6.59113e-01
126.80342,	-1.00002e+00,	4.68640e-01,	-9.99721e-01,	6.58737e-01
127.05328,	-1.00002e+00,	4.69064e-01,	-9.99724e-01,	6.58390e-01
127.30314,	-1.00002e+00,	4.67866e-01,	-9.99725e-01,	6.57980e-01
127.55402,	-1.00002e+00,	4.67112e-01,	-9.99730e-01,	6.57500e-01
127.80387,	-1.00002e+00,	4.66815e-01,	-9.99735e-01,	6.57080e-01
128.05373,	-1.00001e+00,	4.67035e-01,	-9.99732e-01,	6.56463e-01
128.30358,	-1.00002e+00,	4.66312e-01,	-9.99730e-01,	6.56284e-01
128.55446,	-1.00002e+00,	4.65907e-01,	-9.99738e-01,	6.55988e-01
128.80432,	-1.00002e+00,	4.66271e-01,	-9.99738e-01,	6.55613e-01
129.05418,	-1.00002e+00,	4.65650e-01,	-9.99738e-01,	6.55246e-01
129.30506,	-1.00003e+00,	4.65579e-01,	-9.99729e-01,	6.54932e-01
129.55491,	-1.00002e+00,	4.65604e-01,	-9.99732e-01,	6.54404e-01
129.80477,	-1.00002e+00,	4.64618e-01,	-9.99727e-01,	6.53917e-01
130.05462,	-1.00002e+00,	4.64750e-01,	-9.99724e-01,	6.53561e-01
130.325,	-1.00002e+00,	4.66447e-01,	-9.99721e-01,	6.53127e-01
130.574856,	-1.00002e+00,	4.66680e-01,	-9.99721e-01,	6.52805e-01
130.824712,	-1.00002e+00,	4.65814e-01,	-9.99726e-01,	6.52613e-01
131.074568,	-1.00003e+00,	4.65104e-01,	-9.99728e-01,	6.52287e-01
131.32545,	-1.00002e+00,	4.64813e-01,	-9.99730e-01,	6.51947e-01
131.5753,	-1.00002e+00,	4.64489e-01,	-9.99731e-01,	6.51569e-01
131.82516,	-1.00002e+00,	4.64639e-01,	-9.99729e-01,	6.51221e-01
132.07604,	-1.00002e+00,	4.62556e-01,	-9.99729e-01,	6.50856e-01
132.3259,	-1.00001e+00,	4.61423e-01,	-9.99731e-01,	6.50545e-01
132.57575,	-1.00002e+00,	4.60904e-01,	-9.99731e-01,	6.50280e-01
132.82561,	-1.00002e+00,	4.60455e-01,	-9.99729e-01,	6.50013e-01
133.07649,	-1.00003e+00,	4.61156e-01,	-9.99726e-01,	6.49738e-01
133.32634,	-1.00003e+00,	4.62023e-01,	-9.99733e-01,	6.49907e-01
133.5762,	-1.00003e+00,	4.60773e-01,	-9.99741e-01,	6.49964e-01
133.82606,	-1.00003e+00,	4.60485e-01,	-9.99737e-01,	6.49770e-01
134.07694,	-1.00003e+00,	4.59902e-01,	-9.99737e-01,	6.49479e-01
134.32679,	-1.00002e+00,	4.59653e-01,	-9.99736e-01,	6.49145e-01
134.57665,	-1.00002e+00,	4.59681e-01,	-9.99741e-01,	6.48884e-01
134.82753,	-1.00002e+00,	4.59276e-01,	-9.99735e-01,	6.48625e-01
135.07738,	-1.00002e+00,	4.59005e-01,	-9.99733e-01,	6.48334e-01
135.32724,	-1.00002e+00,	4.59731e-01,	-9.99731e-01,	6.48028e-01
135.5771,	-1.00003e+00,	4.58531e-01,	-9.99728e-01,	6.47701e-01
135.82798,	-1.00003e+00,	4.57857e-01,	-9.99730e-01,	6.47343e-01
136.07783,	-1.00002e+00,	4.57992e-01,	-9.99728e-01,	6.46708e-01
136.32769,	-1.00002e+00,	4.57249e-01,	-9.99727e-01,	6.46408e-01
136.57754,	-1.00002e+00,	4.57167e-01,	-9.99727e-01,	6.46127e-01
136.82842,	-1.00003e+00,	4.56635e-01,	-9.99725e-01,	6.45818e-01
137.07828,	-1.00003e+00,	4.55992e-01,	-9.99720e-01,	6.45533e-01
137.32814,	-1.00003e+00,	4.55572e-01,	-9.99722e-01,	6.45276e-01
137.57902,	-1.00003e+00,	4.54688e-01,	-9.99722e-01,	6.44995e-01
137.82887,	-1.00003e+00,	4.54539e-01,	-9.99722e-01,	6.44727e-01
138.07873,	-1.00003e+00,	4.54067e-01,	-9.99720e-01,	6.44471e-01
138.32858,	-1.00003e+00,	4.53550e-01,	-9.99718e-01,	6.44204e-01
138.57946,	-1.00004e+00,	4.53690e-01,	-9.99719e-01,	6.43898e-01
138.82932,	-1.00004e+00,	4.53009e-01,	-9.99717e-01,	6.43747e-01
139.07918,	-1.00004e+00,	4.52599e-01,	-9.99716e-01,	6.43611e-01
139.33006,	-1.00004e+00,	4.52633e-01,	-9.99716e-01,	6.43333e-01
139.57991,	-1.00004e+00,	4.52356e-01,	-9.99718e-01,	6.43032e-01
139.82977,	-1.00004e+00,	4.52921e-01,	-9.99719e-01,	6.42829e-01
140.07962,	-1.00004e+00,	4.55491e-01,	-9.99721e-01,	6.42554e-01
140.35,	-1.00004e+00,	4.55087e-01,	-9.99719e-01,	6.42250e-01
140.599856,	-1.00004e+00,	4.54447e-01,	-9.99718e-01,	6.41938e-01
140.849712,	-1.00004e+00,	4.53443e-01,	-9.99716e-01,	6.41490e-01
141.099568,	-1.00004e+00,	4.51989e-01,	-9.99717e-01,	6.41054e-01
141.35045,	-1.00004e+00,	4.51577e-01,	-9.99714e-01,	6.40810e-01
141.6003,	-1.00004e+00,	4.51452e-01,	-9.99714e-01,	6.40548e-01
141.85016,	-1.00004e+00,	4.51060e-01,	-9.99719e-01,	6.40246e-01
142.10002,	-1.00004e+00,	4.50145e-01,	-9.99721e-01,	6.39959e-01
142.3509,	-1.00003e+00,	4.49797e-01,	-9.99720e-01,	6.39660e-01
142.60075,	-1.00003e+00,	4.49297e-01,	-9.99728e-01,	6.39346e-01
142.85061,	-1.00003e+00,	4.49007e-01,	-9.99732e-01,	6.38919e-01
143.10149,	-1.00003e+00,	4.48385e-01,	-9.99729e-01,	6.38578e-01
143.35134,	-1.00003e+00,	4.48735e-01,	-9.99727e-01,	6.38300e-01
143.6012,	-1.00003e+00,	4.47724e-01,	-9.99724e-01,	6.38010e-01
143.85106,	-1.00003e+00,	4.47426e-01,	-9.99726e-01,	6.37737e-01
144.10194,	-1.00002e+00,	4.46774e-01,	-9.99728e-01,	6.37443e-01
144.35179,	-1.00002e+00,	4.46623e-01,	-9.99731e-01,	6.37171e-01
144.60165,	-1.00001e+00,	4.46204e-01,	-9.99730e-01,	6.36954e-01
144.85253,	-1.00001e+00,	4.46045e-01,	-9.99733e-01,	6.36634e-01
145.10238,	-1.00001e+00,	4.46180e-01,	-9.99730e-01,	6.36376e-01
145.35224,	-1.00002e+00,	4.45559e-01,	-9.99732e-01,	6.36077e-01
145.6021,	-1.00002e+00,	4.44978e-01,	-9.99728e-01,	6.35684e-01
145.85298,	-1.00002e+00,	4.44848e-01,	-9.99722e-01,	6.35320e-01
146.10283,	-1.00002e+00,	4.43917e-01,	-9.99722e-01,	6.35023e-01
146.35269,	-1.00002e+00,	4.43612e-01,	-9.99720e-01,	6.34731e-01
146.60254,	-1.00002e+00,	4.43088e-01,	-9.99716e-01,	6.34453e-01
146.85342,	-1.00001e+00,	4.43035e-01,	-9.99721e-01,	6.34176e-01
147.10328,	-1.00001e+00,	4.42651e-01,	-9.99724e-01,	6.33901e-01
147.35314,	-1.00001e+00,	4.42500e-01,	-9.99720e-01,	6.33640e-01
147.60402,	-1.00002e+00,	4.41886e-01,	-9.99720e-01,	6.33366e-01
147.85387,	-1.00002e+00,	4.41550e-01,	-9.99721e-01,	6.33089e-01
148.10373,	-1.00002e+00,	4.41055e-01,	-9.99719e-01,	6.32689e-01
148.35358,	-1.00003e+00,	4.40086e-01,	-9.99718e-01,	6.32321e-01
148.60446,	-1.00003e+00,	4.39451e-01,	-9.99715e-01,	6.31943e-01
148.85432,	-1.00002e+00,	4.38713e-01,	-9.99712e-01,	6.31719e-01
149.10418,	-1.00002e+00,	4.38362e-01,	-9.99720e-01,	6.31423e-01
149.35506,	-1.00002e+00,	4.38753e-01,	-9.99719e-01,	6.31200e-01
149.60491,	-1.00002e+00,	4.38870e-01,	-9.99720e-01,	6.30917e-01
149.85477,	-1.00002e+00,	4.38711e-01,	-9.99727e-01,	6.30667e-01
150.10462,	-1.00001e+00,	4.38090e-01,	-9.99724e-01,	6.30443e-01
150.375,	-1.00001e+00,	4.38347e-01,	-9.99722e-01,	6.30162e-01
150.624856,	-1.00001e+00,	4.38957e-01,	-9.99723e-01,	6.29831e-01
150.874712,	-1.00001e+00,	4.38779e-01,	-9.99721e-01,	6.29640e-01
151.124568,	-1.00001e+00,	4.38477e-01,	-9.99716e-01,	6.29323e-01
151.37545,	-1.00001e+00,	4.38133e-01,	-9.99712e-01,	6.29075e-01
151.6253,	-1.00001e+00,	4.37687e-01,	-9.99715e-01,	6.28803e-01
151.87516,	-1.00001e+00,	4.37171e-01,	-9.99720e-01,	6.28509e-01
152.12604,	-1.00002e+00,	4.36923e-01,	-9.99715e-01,	6.28189e-01
152.3759,	-1.00002e+00,	4.36160e-01,	-9.99714e-01,	6.27870e-01
152.62575,	-1.00002e+00,	4.36400e-01,	-9.99715e-01,	6.27563e-01
152.87561,	-1.00002e+00,	4.36917e-01,	-9.99720e-01,	6.27241e-01
153.12649,	-1.00003e+00,	4.37156e-01,	-9.99717e-01,	6.26975e-01
153.37634,	-1.00003e+00,	4.35813e-01,	-9.99713e-01,	6.26711e-01
153.6262,	-1.00003e+00,	4.35303e-01,	-9.99718e-01,	6.26396e-01
153.87606,	-1.00003e+00,	4.34896e-01,	-9.99714e-01,	6.26090e-01
154.12694,	-1.00003e+00,	4.34705e-01,	-9.99709e-01,	6.25834e-01
154.37679,	-1.00003e+00,	4.33490e-01,	-9.99707e-01,	6.25581e-01
154.62665,	-1.00003e+00,	4.32946e-01,	-9.99707e-01,	6.25322e-01
154.87753,	-1.00003e+00,	4.32251e-01,	-9.99703e-01,	6.25048e-01
155.12738,	-1.00003e+00,	4.30714e-01,	-9.99705e-01,	6.24797e-01
155.37724,	-1.00003e+00,	4.30172e-01,	-9.99707e-01,	6.24522e-01
155.6271,	-1.00003e+00,	4.29432e-01,	-9.99701e-01,	6.24241e-01
155.87798,	-1.00003e+00,	4.28603e-01,	-9.99698e-01,	6.23831e-01
156.12783,	-1.00003e+00,	4.28259e-01,	-9.99699e-01,	6.23542e-01
156.37769,	-1.00003e+00,	4.27661e-01,	-9.99697e-01,	6.23320e-01
156.62857,	-1.00002e+00,	4.28385e-01,	-9.99699e-01,	6.23036e-01
156.87842,	-1.00003e+00,	4.26378e-01,	-9.99699e-01,	6.22794e-01
157.12828,	-1.00002e+00,	4.25963e-01,	-9.99697e-01,	6.22547e-01
157.37814,	-1.00003e+00,	4.25908e-01,	-9.99702e-01,	6.22301e-01
157.62902,	-1.00003e+00,	4.26239e-01,	-9.99705e-01,	6.22065e-01
157.87887,	-1.00003e+00,	4.26121e-01,	-9.99707e-01,	6.21803e-01
158.12873,	-1.00003e+00,	4.26033e-01,	-9.99710e-01,	6.21589e-01
158.37858,	-1.00003e+00,	4.26312e-01,	-9.99705e-01,	6.21346e-01
158.62946,	-1.00002e+00,	4.25461e-01,	-9.99702e-01,	6.21135e-01
158.87932,	-1.00002e+00,	4.24840e-01,	-9.99693e-01,	6.20883e-01
159.12918,	-1.00002e+00,	4.25410e-01,	-9.99692e-01,	6.20595e-01
159.38006,	-1.00002e+00,	4.26199e-01,	-9.99704e-01,	6.20331e-01
159.62991,	-1.00002e+00,	4.25631e-01,	-9.99707e-01,	6.20130e-01
159.87977,	-1.00002e+00,	4.25054e-01,	-9.99707e-01,	6.19881e-01
160.12962,	-1.00002e+00,	4.24451e-01,	-9.99706e-01,	6.19630e-01
160.4,	-1.00003e+00,	4.23964e-01,	-9.99705e-01,	6.19367e-01
160.649856,	-1.00002e+00,	4.22094e-01,	-9.99705e-01,	6.19122e-01
160.899712,	-1.00002e+00,	4.22145e-01,	-9.99704e-01,	6.18786e-01
161.149568,	-1.00002e+00,	4.21197e-01,	-9.99704e-01,	6.18520e-01
161.40045,	-1.00001e+00,	4.21370e-01,	-9.99704e-01,	6.18275e-01
161.6503,	-1.00001e+00,	4.21536e-01,	-9.99703e-01,	6.18026e-01
161.90016,	-1.00001e+00,	4.21831e-01,	-9.99697e-01,	6.17789e-01
162.15104,	-1.00001e+00,	4.23348e-01,	-9.99696e-01,	6.17533e-01
162.4009,	-1.00002e+00,	4.23000e-01,	-9.99702e-01,	6.17291e-01
162.65075,	-1.00002e+00,	4.22037e-01,	-9.99706e-01,	6.17038e-01
162.90061,	-1.00001e+00,	4.21532e-01,	-9.99695e-01,	6.16801e-01
163.15149,	-1.00001e+00,	4.21203e-01,	-9.99690e-01,	6.16546e-01
163.40134,	-1.00001e+00,	4.21206e-01,	-9.99690e-01,	6.16295e-01
163.6512,	-1.00001e+00,	4.21363e-01,	-9.99693e-01,	6.16105e-01
163.90106,	-1.00002e+00,	4.21207e-01,	-9.99693e-01,	6.15907e-01
164.15194,	-1.00002e+00,	4.21232e-01,	-9.99691e-01,	6.15649e-01
164.40179,	-1.00002e+00,	4.21120e-01,	-9.99690e-01,	6.15427e-01
164.65165,	-1.00002e+00,	4.20264e-01,	-9.99687e-01,	6.15232e-01
164.90253,	-1.00002e+00,	4.19796e-01,	-9.99691e-01,	6.14979e-01
165.15238,	-1.00002e+00,	4.19163e-01,	-9.99696e-01,	6.14753e-01
165.40224,	-1.00002e+00,	4.19229e-01,	-9.99695e-01,	6.14541e-01
165.6521,	-1.00002e+00,	4.18751e-01,	-9.99693e-01,	6.14321e-01
165.90298,	-1.00002e+00,	4.17968e-01,	-9.99687e-01,	6.14087e-01
166.15283,	-1.00002e+00,	4.19065e-01,	-9.99687e-01,	6.13840e-01
166.40269,	-1.00002e+00,	4.17139e-01,	-9.99691e-01,	6.13531e-01
166.65357,	-1.00002e+00,	4.13451e-01,	-9.99691e-01,	6.13261e-01
166.90342,	-1.00001e+00,	4.13105e-01,	-9.99687e-01,	6.13001e-01
167.15328,	-1.00001e+00,	4.13274e-01,	-9.99688e-01,	6.12760e-01
167.40314,	-1.00001e+00,	4.13173e-01,	-9.99692e-01,	6.12513e-01
167.65402,	-1.00001e+00,	4.12155e-01,	-9.99689e-01,	6.12262e-01
167.90387,	-1.00002e+00,	4.11326e-01,	-9.99689e-01,	6.12005e-01
168.15373,	-1.00002e+00,	4.10331e-01,	-9.99686e-01,	6.11794e-01
168.40358,	-1.00002e+00,	4.07032e-01,	-9.99684e-01,	6.11556e-01
168.65446,	-1.00002e+00,	4.06639e-01,	-9.99684e-01,	6.11299e-01
168.90432,	-1.00002e+00,	4.06018e-01,	-9.99680e-01,	6.11103e-01
169.15418,	-1.00002e+00,	4.05696e-01,	-9.99683e-01,	6.10858e-01
169.40506,	-1.00002e+00,	4.04768e-01,	-9.99683e-01,	6.10572e-01
169.65491,	-1.00002e+00,	4.03342e-01,	-9.99680e-01,	6.10314e-01
169.90477,	-1.00003e+00,	4.02710e-01,	-9.99675e-01,	6.10095e-01
170.15462,	-1.00003e+00,	4.03687e-01,	-9.99679e-01,	6.09781e-01
170.424,	-1.00003e+00,	4.02898e-01,	-9.99685e-01,	6.09549e-01
170.673856,	-1.00002e+00,	4.02106e-01,	-9.99686e-01,	6.09278e-01
170.923712,	-1.00002e+00,	4.01427e-01,	-9.99678e-01,	6.09015e-01
171.173568,	-1.00002e+00,	4.01047e-01,	-9.99677e-01,	6.08731e-01
171.42445,	-1.00002e+00,	4.01073e-01,	-9.99680e-01,	6.08459e-01
171.6743,	-1.00002e+00,	4.00416e-01,	-9.99677e-01,	6.08198e-01
171.92416,	-1.00002e+00,	3.99410e-01,	-9.99676e-01,	6.07920e-01
172.17402,	-1.00002e+00,	3.98026e-01,	-9.99677e-01,	6.07623e-01
172.4249,	-1.00002e+00,	3.96636e-01,	-9.99681e-01,	6.07316e-01
172.67475,	-1.00002e+00,	3.96233e-01,	-9.99681e-01,	6.07063e-01
172.92461,	-1.00002e+00,	3.94632e-01,	-9.99683e-01,	6.06794e-01
173.17549,	-1.00002e+00,	3.95453e-01,	-9.99680e-01,	6.06481e-01
173.42534,	-1.00002e+00,	3.96202e-01,	-9.99681e-01,	6.06187e-01
173.6752,	-1.00002e+00,	3.96380e-01,	-9.99676e-01,	6.05827e-01
173.92506,	-1.00002e+00,	3.96119e-01,	-9.99677e-01,	6.05510e-01
174.17594,	-1.00003e+00,	3.94159e-01,	-9.99675e-01,	6.05294e-01
174.42579,	-1.00003e+00,	3.94079e-01,	-9.99674e-01,	6.04990e-01
174.67565,	-1.00003e+00,	3.94074e-01,	-9.99676e-01,	6.04658e-01
174.92653,	-1.00002e+00,	3.93185e-01,	-9.99676e-01,	6.04354e-01
175.17638,	-1.00002e+00,	3.92602e-01,	-9.99675e-01,	6.04174e-01
175.42624,	-1.00002e+00,	3.93816e-01,	-9.99673e-01,	6.03991e-01
175.6761,	-1.00002e+00,	3.93632e-01,	-9.99671e-01,	6.03731e-01
175.92698,	-1.00002e+00,	3.92672e-01,	-9.99672e-01,	6.03403e-01
176.17683,	-1.00003e+00,	3.92642e-01,	-9.99668e-01,	6.03044e-01
176.42669,	-1.00003e+00,	3.92495e-01,	-9.99664e-01,	6.02742e-01
176.67757,	-1.00003e+00,	3.92372e-01,	-9.99668e-01,	6.02525e-01
176.92742,	-1.00003e+00,	3.95552e-01,	-9.99669e-01,	6.02305e-01
177.17728,	-1.00003e+00,	3.98741e-01,	-9.99670e-01,	6.02029e-01
177.42714,	-1.00003e+00,	3.98278e-01,	-9.99669e-01,	6.01579e-01
177.67802,	-1.00003e+00,	3.99080e-01,	-9.99673e-01,	6.01318e-01
177.92787,	-1.00004e+00,	3.99284e-01,	-9.99674e-01,	6.01110e-01
178.17773,	-1.00004e+00,	3.98692e-01,	-9.99672e-01,	6.00888e-01
178.42758,	-1.00003e+00,	3.97767e-01,	-9.99681e-01,	6.00629e-01
178.67846,	-1.00003e+00,	3.96546e-01,	-9.99686e-01,	6.00399e-01
178.92832,	-1.00003e+00,	3.95870e-01,	-9.99687e-01,	6.00241e-01
179.17818,	-1.00003e+00,	3.95288e-01,	-9.99681e-01,	6.00065e-01
179.42906,	-1.00003e+00,	3.95921e-01,	-9.99676e-01,	5.99809e-01
179.67891,	-1.00003e+00,	3.94611e-01,	-9.99676e-01,	5.99564e-01
179.92877,	-1.00003e+00,	3.94097e-01,	-9.99676e-01,	5.99334e-01
180.17862,	-1.00003e+00,	3.93272e-01,	-9.99681e-01,	5.99168e-01
180.449,	-1.00003e+00,	3.91818e-01,	-9.99685e-01,	5.98987e-01
180.698856,	-1.00003e+00,	3.91224e-01,	-9.99680e-01,	5.98740e-01
180.948712,	-1.00002e+00,	3.90308e-01,	-9.99678e-01,	5.98406e-01
181.198568,	-1.00002e+00,	3.90426e-01,	-9.99678e-01,	5.98083e-01
181.44945,	-1.00002e+00,	3.89766e-01,	-9.99679e-01,	5.97791e-01
181.6993,	-1.00002e+00,	3.90549e-01,	-9.99686e-01,	5.97527e-01
181.94916,	-1.00002e+00,	3.92130e-01,	-9.99681e-01,	5.97264e-01
182.20004,	-1.00002e+00,	3.92690e-01,	-9.99678e-01,	5.97054e-01
182.4499,	-1.00002e+00,	3.92172e-01,	-9.99678e-01,	5.96887e-01
182.69975,	-1.00002e+00,	3.89204e-01,	-9.99675e-01,	5.96643e-01
182.94961,	-1.00002e+00,	3.88184e-01,	-9.99678e-01,	5.96342e-01
183.20049,	-1.00002e+00,	3.87666e-01,	-9.99674e-01,	5.96048e-01
183.45034,	-1.00002e+00,	3.88022e-01,	-9.99677e-01,	5.95781e-01
183.7002,	-1.00002e+00,	3.87060e-01,	-9.99676e-01,	5.95600e-01
183.95006,	-1.00002e+00,	3.87982e-01,	-9.99676e-01,	5.95392e-01
184.20094,	-1.00003e+00,	3.87428e-01,	-9.99672e-01,	5.95129e-01
184.45079,	-1.00003e+00,	3.86456e-01,	-9.99674e-01,	5.94903e-01
184.70065,	-1.00003e+00,	3.86559e-01,	-9.99678e-01,	5.94691e-01
184.95153,	-1.00003e+00,	3.85160e-01,	-9.99678e-01,	5.94491e-01
185.20138,	-1.00003e+00,	3.84556e-01,	-9.99673e-01,	5.94267e-01
185.45124,	-1.00003e+00,	3.84164e-01,	-9.99672e-01,	5.94001e-01
185.7011,	-1.00002e+00,	3.84082e-01,	-9.99676e-01,	5.93747e-01
185.95198,	-1.00002e+00,	3.82615e-01,	-9.99680e-01,	5.93508e-01
186.20183,	-1.00002e+00,	3.81834e-01,	-9.99676e-01,	5.93212e-01
186.45169,	-1.00003e+00,	3.81816e-01,	-9.99676e-01,	5.92916e-01
186.70257,	-1.00003e+00,	3.81487e-01,	-9.99676e-01,	5.92622e-01
186.95242,	-1.00003e+00,	3.83355e-01,	-9.99673e-01,	5.92349e-01
187.20228,	-1.00003e+00,	3.88319e-01,	-9.99669e-01,	5.92054e-01
187.45214,	-1.00003e+00,	3.87848e-01,	-9.99669e-01,	5.91780e-01
187.70302,	-1.00002e+00,	3.87184e-01,	-9.99673e-01,	5.91474e-01
187.95287,	-1.00003e+00,	3.85773e-01,	-9.99672e-01,	5.91184e-01
188.20273,	-1.00003e+00,	3.85622e-01,	-9.99671e-01,	5.90869e-01
188.45258,	-1.00003e+00,	3.85474e-01,	-9.99670e-01,	5.90572e-01
188.70346,	-1.00003e+00,	3.84616e-01,	-9.99670e-01,	5.90279e-01
188.95332,	-1.00003e+00,	3.84290e-01,	-9.99670e-01,	5.90009e-01
189.20318,	-1.00003e+00,	3.85393e-01,	-9.99674e-01,	5.89731e-01
189.45406,	-1.00004e+00,	3.84538e-01,	-9.99679e-01,	5.89401e-01
189.70391,	-1.00003e+00,	3.83072e-01,	-9.99680e-01,	5.89064e-01
189.95377,	-1.00003e+00,	3.81994e-01,	-9.99677e-01,	5.88799e-01
190.20362,	-1.00003e+00,	3.82135e-01,	-9.99668e-01,	5.88480e-01
190.474,	-1.00003e+00,	3.82658e-01,	-9.99669e-01,	5.88168e-01
190.723856,	-1.00003e+00,	3.82464e-01,	-9.99674e-01,	5.87919e-01
190.973712,	-1.00004e+00,	3.82452e-01,	-9.99669e-01,	5.87603e-01
191.223568,	-1.00004e+00,	3.82284e-01,	-9.99665e-01,	5.87317e-01
191.47445,	-1.00005e+00,	3.82320e-01,	-9.99667e-01,	5.87030e-01
191.7243,	-1.00005e+00,	3.84162e-01,	-9.99671e-01,	5.86769e-01
191.97416,	-1.00005e+00,	3.81934e-01,	-9.99670e-01,	5.86468e-01
192.22504,	-1.00005e+00,	3.81096e-01,	-9.99671e-01,	5.86108e-01
192.4749,	-1.00004e+00,	3.80778e-01,	-9.99668e-01,	5.85769e-01
192.72475,	-1.00004e+00,	3.80683e-01,	-9.99672e-01,	5.85418e-01
192.97461,	-1.00003e+00,	3.80408e-01,	-9.99674e-01,	5.85132e-01
193.22549,	-1.00003e+00,	3.79369e-01,	-9.99675e-01,	5.84888e-01
193.47534,	-1.00003e+00,	3.80507e-01,	-9.99674e-01,	5.84591e-01
193.7252,	-1.00003e+00,	3.81334e-01,	-9.99668e-01,	5.84309e-01
193.97506,	-1.00003e+00,	3.81702e-01,	-9.99669e-01,	5.84011e-01
194.22594,	-1.00003e+00,	3.81423e-01,	-9.99669e-01,	5.83691e-01
194.47579,	-1.00003e+00,	3.81917e-01,	-9.99663e-01,	5.83365e-01
194.72565,	-1.00003e+00,	3.82593e-01,	-9.99658e-01,	5.83117e-01
194.97653,	-1.00002e+00,	3.83507e-01,	-9.99660e-01,	5.82851e-01
195.22638,	-1.00003e+00,	3.84467e-01,	-9.99658e-01,	5.82553e-01
195.47624,	-1.00002e+00,	3.87302e-01,	-9.99660e-01,	5.82212e-01
195.7261,	-1.00002e+00,	3.83671e-01,	-9.99663e-01,	5.81917e-01
195.97698,	-1.00002e+00,	3.85996e-01,	-9.99667e-01,	5.81612e-01
196.22683,	-1.00002e+00,	3.86573e-01,	-9.99667e-01,	5.81320e-01
196.47669,	-1.00003e+00,	3.85832e-01,	-9.99669e-01,	5.81013e-01
196.72757,	-1.00002e+00,	3.85491e-01,	-9.99673e-01,	5.80701e-01
196.97742,	-1.00003e+00,	3.84524e-01,	-9.99669e-01,	5.80398e-01
197.22728,	-1.00003e+00,	3.83605e-01,	-9.99677e-01,	5.80110e-01
197.47714,	-1.00003e+00,	3.83549e-01,	-9.99678e-01,	5.79879e-01
197.72802,	-1.00003e+00,	3.83031e-01,	-9.99679e-01,	5.79674e-01
197.97787,	-1.00003e+00,	3.82421e-01,	-9.99680e-01,	5.79382e-01
198.22773,	-1.00003e+00,	3.82501e-01,	-9.99674e-01,	5.79166e-01
198.47758,	-1.00002e+00,	3.81599e-01,	-9.99677e-01,	5.78877e-01
198.72846,	-1.00002e+00,	3.80984e-01,	-9.99679e-01,	5.78585e-01
198.97832,	-1.00003e+00,	3.80446e-01,	-9.99671e-01,	5.78319e-01
199.22818,	-1.00003e+00,	3.79988e-01,	-9.99670e-01,	5.78010e-01
199.47906,	-1.00004e+00,	3.79980e-01,	-9.99674e-01,	5.77693e-01
199.72891,	-1.00003e+00,	3.79942e-01,	-9.99675e-01,	5.77432e-01
199.97877,	-1.00003e+00,	3.80147e-01,	-9.99671e-01,	5.77136e-01
200.22862,	-1.00003e+00,	3.79844e-01,	-9.99671e-01,	5.76847e-01
200.499,	-1.00003e+00,	3.77964e-01,	-9.99671e-01,	5.76523e-01
200.748856,	-1.00003e+00,	3.76748e-01,	-9.99666e-01,	5.76224e-01
200.998712,	-1.00002e+00,	3.73869e-01,	-9.99663e-01,	5.75933e-01
201.248568,	-1.00002e+00,	3.73590e-01,	-9.99665e-01,	5.75602e-01
201.49945,	-1.00002e+00,	3.72688e-01,	-9.99662e-01,	5.75237e-01
201.7493,	-1.00003e+00,	3.71894e-01,	-9.99658e-01,	5.74920e-01
201.99916,	-1.00003e+00,	3.72344e-01,	-9.99653e-01,	5.74621e-01
202.24902,	-1.00004e+00,	3.71756e-01,	-9.99662e-01,	5.74355e-01
202.4999,	-1.00004e+00,	3.70271e-01,	-9.99661e-01,	5.74024e-01
202.74975,	-1.00003e+00,	3.69397e-01,	-9.99658e-01,	5.73704e-01
202.99961,	-1.00003e+00,	3.68824e-01,	-9.99660e-01,	5.73347e-01
203.25049,	-1.00003e+00,	3.68019e-01,	-9.99660e-01,	5.73001e-01
203.50034,	-1.00003e+00,	3.64970e-01,	-9.99657e-01,	5.72693e-01
203.7502,	-1.00003e+00,	3.60073e-01,	-9.99654e-01,	5.72379e-01
204.00006,	-1.00002e+00,	3.57928e-01,	-9.99657e-01,	5.72082e-01
204.25094,	-1.00002e+00,	3.57344e-01,	-9.99662e-01,	5.71763e-01
204.50079,	-1.00003e+00,	3.57471e-01,	-9.99660e-01,	5.71479e-01
204.75065,	-1.00003e+00,	3.59034e-01,	-9.99668e-01,	5.71174e-01
205.00153,	-1.00003e+00,	3.58068e-01,	-9.99662e-01,	5.70881e-01
205.25138,	-1.00003e+00,	3.52283e-01,	-9.99663e-01,	5.70598e-01
205.50124,	-1.00003e+00,	3.58521e-01,	-9.99661e-01,	5.70354e-01
205.7511,	-1.00003e+00,	3.57015e-01,	-9.99658e-01,	5.70092e-01
206.00198,	-1.00003e+00,	3.52605e-01,	-9.99659e-01,	5.69814e-01
206.25183,	-1.00003e+00,	3.47474e-01,	-9.99655e-01,	5.69533e-01
206.50169,	-1.00003e+00,	3.48252e-01,	-9.99660e-01,	5.69243e-01
206.75154,	-1.00003e+00,	3.41571e-01,	-9.99659e-01,	5.68974e-01
207.00242,	-1.00003e+00,	3.18066e-01,	-9.99655e-01,	5.68753e-01
207.25228,	-1.00003e+00,	3.11110e-01,	-9.99652e-01,	5.68605e-01
207.50214,	-1.00004e+00,	2.81338e-01,	-9.99654e-01,	5.68361e-01
207.75302,	-1.00004e+00,	2.74251e-01,	-9.99651e-01,	5.68080e-01
208.00287,	-1.00004e+00,	2.70412e-01,	-9.99655e-01,	5.67794e-01
208.25273,	-1.00004e+00,	2.71192e-01,	-9.99651e-01,	5.67517e-01
208.50258,	-1.00004e+00,	2.71477e-01,	-9.99650e-01,	5.67291e-01
208.75346,	-1.00004e+00,	3.00609e-01,	-9.99652e-01,	5.67038e-01
209.00332,	-1.00003e+00,	2.77534e-01,	-9.99653e-01,	5.66832e-01
209.25318,	-1.00004e+00,	2.59354e-01,	-9.99653e-01,	5.66589e-01
209.50406,	-1.00004e+00,	2.59890e-01,	-9.99652e-01,	5.66239e-01
209.75391,	-1.00004e+00,	2.59101e-01,	-9.99657e-01,	5.65943e-01
210.00377,	-1.00004e+00,	2.55509e-01,	-9.99653e-01,	5.65676e-01
210.25362,	-1.00004e+00,	2.58294e-01,	-9.99653e-01,	5.65392e-01
210.524,	-1.00004e+00,	2.65013e-01,	-9.99650e-01,	5.65108e-01
210.773856,	-1.00004e+00,	2.64224e-01,	-9.99650e-01,	5.64827e-01
211.023712,	-1.00004e+00,	2.65805e-01,	-9.99649e-01,	5.64532e-01
211.273568,	-1.00004e+00,	2.70782e-01,	-9.99646e-01,	5.64232e-01
211.52445,	-1.00004e+00,	2.68647e-01,	-9.99644e-01,	5.63982e-01
211.7743,	-1.00004e+00,	2.67384e-01,	-9.99641e-01,	5.63722e-01
212.02416,	-1.00003e+00,	2.72027e-01,	-9.99639e-01,	5.63450e-01
212.27504,	-1.00003e+00,	2.73474e-01,	-9.99637e-01,	5.63151e-01
212.5249,	-1.00003e+00,	2.98162e-01,	-9.99638e-01,	5.62858e-01
212.77475,	-1.00003e+00,	2.93556e-01,	-9.99635e-01,	5.62467e-01
213.02461,	-1.00004e+00,	2.84182e-01,	-9.99636e-01,	5.62101e-01
213.27549,	-1.00004e+00,	2.72452e-01,	-9.99630e-01,	5.61847e-01
213.52534,	-1.00004e+00,	2.76250e-01,	-9.99630e-01,	5.61557e-01
213.7752,	-1.00005e+00,	2.74450e-01,	-9.99628e-01,	5.61285e-01
214.02506,	-1.00005e+00,	2.78458e-01,	-9.99631e-01,	5.60979e-01
214.27594,	-1.00005e+00,	2.75208e-01,	-9.99631e-01,	5.60845e-01
214.52579,	-1.00005e+00,	2.78923e-01,	-9.99641e-01,	5.60737e-01
214.77565,	-1.00005e+00,	2.82439e-01,	-9.99647e-01,	5.60483e-01
215.02653,	-1.00005e+00,	2.77225e-01,	-9.99648e-01,	5.60213e-01
215.27638,	-1.00004e+00,	2.79796e-01,	-9.99649e-01,	5.59937e-01
215.52624,	-1.00004e+00,	2.81206e-01,	-9.99648e-01,	5.59708e-01
215.7761,	-1.00004e+00,	2.88169e-01,	-9.99656e-01,	5.59479e-01
216.02698,	-1.00004e+00,	2.88636e-01,	-9.99656e-01,	5.59204e-01
216.27683,	-1.00004e+00,	2.90192e-01,	-9.99655e-01,	5.58985e-01
216.52669,	-1.00004e+00,	2.85738e-01,	-9.99647e-01,	5.58764e-01
216.77757,	-1.00003e+00,	2.78323e-01,	-9.99645e-01,	5.58542e-01
217.02742,	-1.00004e+00,	2.74890e-01,	-9.99648e-01,	5.58328e-01
217.27728,	-1.00004e+00,	2.71933e-01,	-9.99649e-01,	5.58048e-01
217.52714,	-1.00003e+00,	2.74676e-01,	-9.99648e-01,	5.57638e-01
217.77802,	-1.00003e+00,	2.74544e-01,	-9.99644e-01,	5.57201e-01
218.02787,	-1.00002e+00,	2.73937e-01,	-9.99643e-01,	5.56869e-01
218.27773,	-1.00003e+00,	2.75461e-01,	-9.99643e-01,	5.56624e-01
218.52758,	-1.00003e+00,	2.74600e-01,	-9.99641e-01,	5.56397e-01
218.77846,	-1.00003e+00,	2.75999e-01,	-9.99644e-01,	5.56205e-01
219.02832,	-1.00003e+00,	2.79164e-01,	-9.99641e-01,	5.55988e-01
219.27818,	-1.00003e+00,	2.79845e-01,	-9.99648e-01,	5.55765e-01
219.52906,	-1.00003e+00,	2.76556e-01,	-9.99649e-01,	5.55485e-01
219.77891,	-1.00004e+00,	2.75113e-01,	-9.99647e-01,	5.55219e-01
220.02877,	-1.00004e+00,	2.72360e-01,	-9.99645e-01,	5.55097e-01
220.27862,	-1.00004e+00,	2.76812e-01,	-9.99644e-01,	5.55126e-01
220.549,	-1.00004e+00,	2.79975e-01,	-9.99643e-01,	5.54963e-01
220.798856,	-1.00004e+00,	2.76495e-01,	-9.99637e-01,	5.54750e-01
221.048712,	-1.00004e+00,	2.69654e-01,	-9.99635e-01,	5.54531e-01
221.298568,	-1.00004e+00,	2.66999e-01,	-9.99628e-01,	5.54348e-01
221.54945,	-1.00004e+00,	2.68448e-01,	-9.99625e-01,	5.54139e-01
221.7993,	-1.00004e+00,	2.65871e-01,	-9.99625e-01,	5.53884e-01
222.04916,	-1.00004e+00,	2.67174e-01,	-9.99627e-01,	5.53647e-01
222.30004,	-1.00004e+00,	2.81209e-01,	-9.99624e-01,	5.53355e-01
222.5499,	-1.00003e+00,	2.84031e-01,	-9.99633e-01,	5.53068e-01
222.79975,	-1.00004e+00,	2.83236e-01,	-9.99631e-01,	5.52838e-01
223.04961,	-1.00004e+00,	2.77434e-01,	-9.99630e-01,	5.52635e-01
223.30049,	-1.00005e+00,	2.75424e-01,	-9.99631e-01,	5.52440e-01
223.55034,	-1.00005e+00,	2.72276e-01,	-9.99630e-01,	5.52304e-01
223.8002,	-1.00005e+00,	2.69136e-01,	-9.99636e-01,	5.52280e-01
224.05108,	-1.00005e+00,	2.68831e-01,	-9.99640e-01,	5.51895e-01
224.30094,	-1.00005e+00,	2.81094e-01,	-9.99640e-01,	5.51672e-01
224.55079,	-1.00005e+00,	2.80550e-01,	-9.99639e-01,	5.51493e-01
224.80065,	-1.00006e+00,	2.78943e-01,	-9.99635e-01,	5.51265e-01
225.05153,	-1.00006e+00,	2.75759e-01,	-9.99635e-01,	5.50826e-01
225.30138,	-1.00005e+00,	2.72812e-01,	-9.99635e-01,	5.50486e-01
225.55124,	-1.00005e+00,	2.74758e-01,	-9.99635e-01,	5.50278e-01
225.8011,	-1.00005e+00,	2.79247e-01,	-9.99645e-01,	5.49954e-01
226.05198,	-1.00005e+00,	2.82149e-01,	-9.99644e-01,	5.49814e-01
226.30183,	-1.00005e+00,	2.79340e-01,	-9.99640e-01,	5.49663e-01
226.55169,	-1.00005e+00,	2.77906e-01,	-9.99639e-01,	5.49471e-01
226.80257,	-1.00005e+00,	2.77785e-01,	-9.99641e-01,	5.49232e-01
227.05242,	-1.00005e+00,	2.76188e-01,	-9.99639e-01,	5.48970e-01
227.30228,	-1.00005e+00,	2.70573e-01,	-9.99707e-01,	5.48799e-01
227.55214,	-1.00006e+00,	2.66471e-01,	-9.99735e-01,	5.48627e-01
227.80302,	-1.00006e+00,	2.66764e-01,	-9.99727e-01,	5.48442e-01
228.05287,	-1.00006e+00,	2.70332e-01,	-9.99726e-01,	5.48161e-01
228.30273,	-1.00005e+00,	2.72012e-01,	-9.99723e-01,	5.47921e-01
228.55361,	-1.00005e+00,	2.72972e-01,	-9.99722e-01,	5.47719e-01
228.80346,	-1.00005e+00,	2.75212e-01,	-9.99725e-01,	5.47481e-01
229.05332,	-1.00005e+00,	2.68208e-01,	-9.99730e-01,	5.47202e-01
229.30318,	-1.00004e+00,	2.67014e-01,	-9.99730e-01,	5.47039e-01
229.55406,	-1.00005e+00,	2.70597e-01,	-9.99723e-01,	5.46902e-01
229.80391,	-1.00005e+00,	2.70629e-01,	-9.99731e-01,	5.46774e-01
230.05377,	-1.00005e+00,	2.71412e-01,	-9.99740e-01,	5.46588e-01
230.30362,	-1.00005e+00,	2.73843e-01,	-9.99740e-01,	5.46395e-01
230.574,	-1.00005e+00,	2.74072e-01,	-9.99740e-01,	5.45357e-01
230.823856,	-1.00005e+00,	2.73348e-01,	-9.99739e-01,	5.44634e-01
231.073712,	-1.00005e+00,	2.72791e-01,	-9.99736e-01,	5.44478e-01
231.323568,	-1.00005e+00,	2.73256e-01,	-9.99740e-01,	5.44327e-01
231.57445,	-1.00005e+00,	2.73135e-01,	-9.99744e-01,	5.44132e-01
231.8243,	-1.00005e+00,	2.73899e-01,	-9.99742e-01,	5.43990e-01
232.07416,	-1.00005e+00,	2.75984e-01,	-9.99740e-01,	5.43865e-01
232.32504,	-1.00005e+00,	2.74549e-01,	-9.99742e-01,	5.43781e-01
232.5749,	-1.00005e+00,	2.74963e-01,	-9.99734e-01,	5.43514e-01
232.82475,	-1.00005e+00,	2.74911e-01,	-9.99737e-01,	5.43324e-01
233.07461,	-1.00005e+00,	2.77174e-01,	-9.99736e-01,	5.43117e-01
233.32549,	-1.00005e+00,	2.80030e-01,	-9.99743e-01,	5.43079e-01
233.57534,	-1.00004e+00,	2.78865e-01,	-9.99752e-01,	5.43038e-01
233.8252,	-1.00004e+00,	2.78881e-01,	-9.99757e-01,	5.42884e-01
234.07506,	-1.00004e+00,	2.77262e-01,	-9.99757e-01,	5.42679e-01
234.32594,	-1.00004e+00,	2.76052e-01,	-9.99752e-01,	5.42433e-01
234.57579,	-1.00004e+00,	2.76020e-01,	-9.99758e-01,	5.42228e-01
234.82565,	-1.00003e+00,	2.75074e-01,	-9.99750e-01,	5.42041e-01
235.07653,	-1.00003e+00,	2.69597e-01,	-9.99745e-01,	5.41829e-01
235.32638,	-1.00003e+00,	2.63710e-01,	-9.99751e-01,	5.41587e-01
235.57624,	-1.00004e+00,	2.67910e-01,	-9.99750e-01,	5.41323e-01
235.8261,	-1.00004e+00,	2.78551e-01,	-9.99752e-01,	5.41049e-01
236.07698,	-1.00004e+00,	2.78168e-01,	-9.99753e-01,	5.40770e-01
236.32683,	-1.00004e+00,	2.72876e-01,	-9.99755e-01,	5.40547e-01
236.57669,	-1.00004e+00,	2.73508e-01,	-9.99757e-01,	5.40418e-01
236.82757,	-1.00004e+00,	2.69450e-01,	-9.99762e-01,	5.40195e-01
237.07742,	-1.00004e+00,	2.71168e-01,	-9.99761e-01,	5.39824e-01
237.32728,	-1.00004e+00,	2.70752e-01,	-9.99764e-01,	5.39567e-01
237.57714,	-1.00004e+00,	2.71188e-01,	-9.99767e-01,	5.39302e-01
237.82802,	-1.00005e+00,	2.70840e-01,	-9.99766e-01,	5.39011e-01
238.07787,	-1.00005e+00,	2.73927e-01,	-9.99761e-01,	5.38881e-01
238.32773,	-1.00006e+00,	2.71555e-01,	-9.99756e-01,	5.38479e-01
238.57758,	-1.00005e+00,	2.71321e-01,	-9.99750e-01,	5.38120e-01
238.82846,	-1.00004e+00,	2.72325e-01,	-9.99757e-01,	5.37790e-01
239.07832,	-1.00004e+00,	2.72108e-01,	-9.99760e-01,	5.37746e-01
239.32818,	-1.00005e+00,	2.72690e-01,	-9.99767e-01,	5.37682e-01
239.57906,	-1.00005e+00,	2.73670e-01,	-9.99759e-01,	5.37545e-01
239.82891,	-1.00005e+00,	2.75416e-01,	-9.99756e-01,	5.37350e-01
240.07877,	-1.00004e+00,	2.77287e-01,	-9.99763e-01,	5.37050e-01
240.32862,	-1.00004e+00,	2.76741e-01,	-9.99767e-01,	5.36844e-01
240.599,	-1.00005e+00,	2.77384e-01,	-9.99764e-01,	5.36719e-01
240.848856,	-1.00005e+00,	2.76760e-01,	-9.99761e-01,	5.36563e-01
241.098712,	-1.00005e+00,	2.85084e-01,	-9.99766e-01,	5.36395e-01
241.348568,	-1.00005e+00,	2.76581e-01,	-9.99762e-01,	5.36075e-01
241.59945,	-1.00005e+00,	2.76926e-01,	-9.99758e-01,	5.35754e-01
241.8493,	-1.00005e+00,	2.76785e-01,	-9.99754e-01,	5.35262e-01
242.09916,	-1.00005e+00,	2.79811e-01,	-9.99754e-01,	5.34961e-01
242.34902,	-1.00005e+00,	2.82052e-01,	-9.99757e-01,	5.34768e-01
242.5999,	-1.00005e+00,	2.83342e-01,	-9.99763e-01,	5.34689e-01
242.84975,	-1.00005e+00,	2.80700e-01,	-9.99762e-01,	5.34554e-01
243.09961,	-1.00005e+00,	2.76748e-01,	-9.99752e-01,	5.34396e-01
243.35049,	-1.00005e+00,	2.74127e-01,	-9.99750e-01,	5.34268e-01
243.60034,	-1.00005e+00,	2.74235e-01,	-9.99756e-01,	5.34027e-01
243.8502,	-1.00005e+00,	2.74877e-01,	-9.99760e-01,	5.33810e-01
244.10006,	-1.00005e+00,	2.74916e-01,	-9.99759e-01,	5.33578e-01
244.35094,	-1.00005e+00,	2.74750e-01,	-9.99756e-01,	5.33337e-01
244.60079,	-1.00005e+00,	2.74156e-01,	-9.99761e-01,	5.33396e-01
244.85065,	-1.00005e+00,	2.73066e-01,	-9.99758e-01,	5.33387e-01
245.10153,	-1.00005e+00,	2.75137e-01,	-9.99763e-01,	5.33313e-01
245.35138,	-1.00005e+00,	2.78616e-01,	-9.99763e-01,	5.33162e-01
245.60124,	-1.00005e+00,	2.78250e-01,	-9.99765e-01,	5.32973e-01
245.8511,	-1.00005e+00,	2.76865e-01,	-9.99767e-01,	5.32752e-01
246.10198,	-1.00005e+00,	2.77757e-01,	-9.99772e-01,	5.32603e-01
246.35183,	-1.00005e+00,	2.75195e-01,	-9.99771e-01,	5.32423e-01
246.60169,	-1.00005e+00,	2.74811e-01,	-9.99772e-01,	5.32226e-01
246.85257,	-1.00005e+00,	2.73881e-01,	-9.99769e-01,	5.32032e-01
247.10242,	-1.00005e+00,	2.71724e-01,	-9.99773e-01,	5.31682e-01
247.35228,	-1.00005e+00,	2.72226e-01,	-9.99779e-01,	5.31434e-01
247.60214,	-1.00005e+00,	2.71867e-01,	-9.99784e-01,	5.31275e-01
247.85302,	-1.00006e+00,	2.71432e-01,	-9.99776e-01,	5.30982e-01
248.10287,	-1.00006e+00,	2.71626e-01,	-9.99774e-01,	5.30803e-01
248.35273,	-1.00006e+00,	2.72261e-01,	-9.99778e-01,	5.30598e-01
248.60258,	-1.00006e+00,	2.71726e-01,	-9.99781e-01,	5.30409e-01
248.85346,	-1.00006e+00,	2.72135e-01,	-9.99780e-01,	5.30204e-01
249.10332,	-1.00006e+00,	2.70678e-01,	-9.99778e-01,	5.30004e-01
249.35318,	-1.00006e+00,	2.70840e-01,	-9.99778e-01,	5.29900e-01
249.60406,	-1.00006e+00,	2.70957e-01,	-9.99778e-01,	5.29560e-01
249.85391,	-1.00006e+00,	2.71697e-01,	-9.99777e-01,	5.29279e-01
250.10377,	-1.00006e+00,	2.72259e-01,	-9.99780e-01,	5.28997e-01
250.35362,	-1.00006e+00,	2.78044e-01,	-9.99787e-01,	5.28598e-01
250.624,	-1.00006e+00,	2.77453e-01,	-9.99788e-01,	5.28246e-01
250.873856,	-1.00005e+00,	2.74237e-01,	-9.99784e-01,	5.27792e-01
251.123712,	-1.00005e+00,	2.72969e-01,	-9.99786e-01,	5.27159e-01
251.373568,	-1.00005e+00,	2.72947e-01,	-9.99783e-01,	5.26872e-01
251.62445,	-1.00005e+00,	2.71706e-01,	-9.99784e-01,	5.26664e-01
251.8743,	-1.00005e+00,	2.71767e-01,	-9.99785e-01,	5.26421e-01
252.12416,	-1.00005e+00,	2.73241e-01,	-9.99780e-01,	5.26139e-01
252.37504,	-1.00005e+00,	2.73449e-01,	-9.99775e-01,	5.25860e-01
252.6249,	-1.00005e+00,	2.73446e-01,	-9.99775e-01,	5.25805e-01
252.87475,	-1.00005e+00,	2.72879e-01,	-9.99773e-01,	5.25726e-01
253.12461,	-1.00005e+00,	2.71711e-01,	-9.99776e-01,	5.25413e-01
253.37549,	-1.00005e+00,	2.69999e-01,	-9.99776e-01,	5.25144e-01
253.62534,	-1.00005e+00,	2.70101e-01,	-9.99778e-01,	5.25028e-01
253.8752,	-1.00005e+00,	2.69614e-01,	-9.99778e-01,	5.24852e-01
254.12506,	-1.00005e+00,	2.68157e-01,	-9.99774e-01,	5.24751e-01
254.37594,	-1.00005e+00,	2.67745e-01,	-9.99779e-01,	5.24502e-01
254.62579,	-1.00005e+00,	2.68186e-01,	-9.99781e-01,	5.24263e-01
254.87565,	-1.00005e+00,	2.68332e-01,	-9.99779e-01,	5.24072e-01
255.12653,	-1.00005e+00,	2.69249e-01,	-9.99778e-01,	5.23960e-01
255.37638,	-1.00005e+00,	2.69988e-01,	-9.99780e-01,	5.23754e-01
255.62624,	-1.00005e+00,	2.68566e-01,	-9.99777e-01,	5.23519e-01
255.8761,	-1.00005e+00,	2.67998e-01,	-9.99775e-01,	5.23273e-01
256.12698,	-1.00006e+00,	2.67677e-01,	-9.99774e-01,	5.23075e-01
256.37683,	-1.00006e+00,	2.69322e-01,	-9.99772e-01,	5.22884e-01
256.62669,	-1.00005e+00,	2.67951e-01,	-9.99769e-01,	5.22803e-01
256.87757,	-1.00005e+00,	2.65213e-01,	-9.99772e-01,	5.22494e-01
257.12742,	-1.00005e+00,	2.66640e-01,	-9.99778e-01,	5.22197e-01
257.37728,	-1.00005e+00,	2.67607e-01,	-9.99778e-01,	5.21893e-01
257.62714,	-1.00005e+00,	2.66298e-01,	-9.99781e-01,	5.21562e-01
257.87802,	-1.00005e+00,	2.66401e-01,	-9.99782e-01,	5.21349e-01
258.12787,	-1.00005e+00,	2.65420e-01,	-9.99789e-01,	5.21127e-01
258.37773,	-1.00005e+00,	2.63664e-01,	-9.99785e-01,	5.21039e-01
258.62758,	-1.00005e+00,	2.62437e-01,	-9.99784e-01,	5.20899e-01
258.87846,	-1.00006e+00,	2.64444e-01,	-9.99785e-01,	5.20637e-01
259.12832,	-1.00006e+00,	2.66557e-01,	-9.99782e-01,	5.20436e-01
259.37818,	-1.00006e+00,	2.68589e-01,	-9.99780e-01,	5.20212e-01
259.62906,	-1.00005e+00,	2.68558e-01,	-9.99778e-01,	5.19966e-01
259.87891,	-1.00005e+00,	2.67690e-01,	-9.99780e-01,	5.19780e-01
260.12877,	-1.00005e+00,	2.65298e-01,	-9.99785e-01,	5.19326e-01
260.37862,	-1.00005e+00,	2.63672e-01,	-9.99792e-01,	5.18891e-01
260.649,	-1.00005e+00,	2.63610e-01,	-9.99792e-01,	5.18804e-01
260.898856,	-1.00005e+00,	2.64059e-01,	-9.99798e-01,	5.18440e-01
261.148712,	-1.00005e+00,	2.63341e-01,	-9.99801e-01,	5.17965e-01
261.398568,	-1.00005e+00,	2.62434e-01,	-9.99802e-01,	5.17606e-01
261.64945,	-1.00005e+00,	2.62599e-01,	-9.99796e-01,	5.17521e-01
261.8993,	-1.00005e+00,	2.61375e-01,	-9.99796e-01,	5.17472e-01
262.14916,	-1.00005e+00,	2.60289e-01,	-9.99798e-01,	5.17339e-01
262.40004,	-1.00005e+00,	2.60375e-01,	-9.99800e-01,	5.17152e-01
262.6499,	-1.00005e+00,	2.60343e-01,	-9.99798e-01,	5.16948e-01
262.89975,	-1.00004e+00,	2.59730e-01,	-9.99803e-01,	5.16782e-01
263.14961,	-1.00004e+00,	2.59479e-01,	-9.99808e-01,	5.16686e-01
263.40049,	-1.00004e+00,	2.58077e-01,	-9.99808e-01,	5.16454e-01
263.65034,	-1.00004e+00,	2.56221e-01,	-9.99804e-01,	5.16215e-01
263.9002,	-1.00005e+00,	2.56356e-01,	-9.99801e-01,	5.16008e-01
264.15006,	-1.00005e+00,	2.61292e-01,	-9.99800e-01,	5.15874e-01
264.40094,	-1.00006e+00,	2.59907e-01,	-9.99802e-01,	5.15586e-01
264.65079,	-1.00006e+00,	2.58852e-01,	-9.99804e-01,	5.15380e-01
264.90065,	-1.00005e+00,	2.57112e-01,	-9.99802e-01,	5.15172e-01
265.15153,	-1.00005e+00,	2.53973e-01,	-9.99808e-01,	5.14950e-01
265.40138,	-1.00005e+00,	2.52293e-01,	-9.99805e-01,	5.14687e-01
265.65124,	-1.00006e+00,	2.52044e-01,	-9.99801e-01,	5.14367e-01
265.9011,	-1.00005e+00,	2.49739e-01,	-9.99807e-01,	5.13880e-01
266.15198,	-1.00005e+00,	2.49159e-01,	-9.99800e-01,	5.13513e-01
266.40183,	-1.00005e+00,	2.51285e-01,	-9.99799e-01,	5.13193e-01
266.65169,	-1.00006e+00,	2.50950e-01,	-9.99804e-01,	5.12920e-01
266.90257,	-1.00006e+00,	2.51288e-01,	-9.99807e-01,	5.12632e-01
267.15242,	-1.00006e+00,	2.48418e-01,	-9.99810e-01,	5.12428e-01
267.40228,	-1.00005e+00,	2.47442e-01,	-9.99808e-01,	5.12213e-01
267.65214,	-1.00006e+00,	2.49417e-01,	-9.99816e-01,	5.11922e-01
267.90302,	-1.00006e+00,	2.48229e-01,	-9.99808e-01,	5.11705e-01
268.15287,	-1.00006e+00,	2.48486e-01,	-9.99802e-01,	5.11595e-01
268.40273,	-1.00006e+00,	2.52824e-01,	-9.99801e-01,	5.11550e-01
268.65361,	-1.00006e+00,	2.50462e-01,	-9.99806e-01,	5.11317e-01
268.90346,	-1.00006e+00,	2.46652e-01,	-9.99804e-01,	5.10960e-01
269.15332,	-1.00006e+00,	2.45183e-01,	-9.99803e-01,	5.10563e-01
269.40318,	-1.00006e+00,	2.40864e-01,	-9.99811e-01,	5.10249e-01
269.65406,	-1.00006e+00,	2.38318e-01,	-9.99812e-01,	5.09979e-01
269.90391,	-1.00006e+00,	2.35263e-01,	-9.99820e-01,	5.09712e-01
270.15377,	-1.00006e+00,	2.33278e-01,	-9.99817e-01,	5.09316e-01
270.40362,	-1.00006e+00,	2.29722e-01,	-9.99812e-01,	5.08825e-01
270.674,	-1.00006e+00,	2.33124e-01,	-9.99808e-01,	5.08432e-01
270.923856,	-1.00006e+00,	2.36128e-01,	-9.99808e-01,	5.08000e-01
271.173712,	-1.00006e+00,	2.34463e-01,	-9.99814e-01,	5.07541e-01
271.423568,	-1.00006e+00,	2.33987e-01,	-9.99817e-01,	5.07394e-01
271.67445,	-1.00006e+00,	2.32531e-01,	-9.99820e-01,	5.07211e-01
271.9243,	-1.00006e+00,	2.32252e-01,	-9.99826e-01,	5.06898e-01
272.17416,	-1.00005e+00,	2.34770e-01,	-9.99826e-01,	5.06730e-01
272.42504,	-1.00006e+00,	2.35073e-01,	-9.99830e-01,	5.06586e-01
272.6749,	-1.00006e+00,	2.33651e-01,	-9.99823e-01,	5.06036e-01
272.92475,	-1.00006e+00,	2.32977e-01,	-9.99817e-01,	5.05519e-01
273.17461,	-1.00006e+00,	2.32832e-01,	-9.99812e-01,	5.05059e-01
273.42549,	-1.00006e+00,	2.32286e-01,	-9.99815e-01,	5.04586e-01
273.67534,	-1.00006e+00,	2.37672e-01,	-9.99819e-01,	5.04157e-01
273.9252,	-1.00006e+00,	2.37499e-01,	-9.99818e-01,	5.04050e-01
274.17506,	-1.00006e+00,	2.36346e-01,	-9.99815e-01,	5.03931e-01
274.42594,	-1.00006e+00,	2.36947e-01,	-9.99815e-01,	5.03903e-01
274.67579,	-1.00008e+00,	2.35209e-01,	-9.99811e-01,	5.03739e-01
274.92565,	-1.00010e+00,	2.30632e-01,	-9.99814e-01,	5.03588e-01
275.17653,	-1.00010e+00,	2.28981e-01,	-9.99806e-01,	5.03436e-01
275.42638,	-1.00010e+00,	2.23787e-01,	-9.99805e-01,	5.03237e-01
275.67624,	-1.00009e+00,	2.22070e-01,	-9.99808e-01,	5.02934e-01
275.9261,	-1.00009e+00,	2.21508e-01,	-9.99811e-01,	5.02484e-01
276.17698,	-1.00009e+00,	2.23188e-01,	-9.99815e-01,	5.02074e-01
276.42683,	-1.00009e+00,	2.10237e-01,	-9.99812e-01,	5.01572e-01
276.67669,	-1.00009e+00,	2.10406e-01,	-9.99814e-01,	5.00977e-01
276.92757,	-1.00009e+00,	2.06667e-01,	-9.99823e-01,	5.00311e-01
277.17742,	-1.00010e+00,	2.06164e-01,	-9.99819e-01,	4.99322e-01
277.42728,	-1.00009e+00,	2.07241e-01,	-9.99815e-01,	4.98878e-01
277.67714,	-1.00009e+00,	2.03364e-01,	-9.99816e-01,	4.98695e-01
277.92802,	-1.00009e+00,	2.08890e-01,	-9.99818e-01,	4.98427e-01
278.17787,	-1.00008e+00,	2.05814e-01,	-9.99822e-01,	4.98112e-01
278.42773,	-1.00008e+00,	2.04540e-01,	-9.99826e-01,	4.97754e-01
278.67758,	-1.00009e+00,	2.09354e-01,	-9.99828e-01,	4.97193e-01
278.92846,	-1.00009e+00,	2.06915e-01,	-9.99828e-01,	4.96741e-01
279.17832,	-1.00010e+00,	2.06487e-01,	-9.99824e-01,	4.96367e-01
279.42818,	-1.00010e+00,	2.04971e-01,	-9.99824e-01,	4.96023e-01
279.67906,	-1.00010e+00,	2.03545e-01,	-9.99830e-01,	4.96066e-01
279.92891,	-1.00010e+00,	2.02986e-01,	-9.99827e-01,	4.95747e-01
280.17877,	-1.00011e+00,	2.08979e-01,	-9.99827e-01,	4.95665e-01
280.42862,	-1.00011e+00,	2.11869e-01,	-9.99826e-01,	4.95291e-01
280.699,	-1.00010e+00,	2.13834e-01,	-9.99827e-01,	4.95116e-01
280.948856,	-1.00010e+00,	2.07443e-01,	-9.99831e-01,	4.94441e-01
281.198712,	-1.00011e+00,	2.06607e-01,	-9.99830e-01,	4.94065e-01
281.448568,	-1.00011e+00,	2.05342e-01,	-9.99835e-01,	4.93753e-01
281.69945,	-1.00010e+00,	2.00972e-01,	-9.99835e-01,	4.93715e-01
281.9493,	-1.00010e+00,	1.92297e-01,	-9.99829e-01,	4.93541e-01
282.19916,	-1.00010e+00,	1.90684e-01,	-9.99829e-01,	4.93011e-01
282.45004,	-1.00010e+00,	1.89156e-01,	-9.99828e-01,	4.92733e-01
282.6999,	-1.00010e+00,	1.90137e-01,	-9.99824e-01,	4.92458e-01
282.94975,	-1.00010e+00,	1.90362e-01,	-9.99823e-01,	4.92020e-01
283.19961,	-1.00009e+00,	1.93343e-01,	-9.99827e-01,	4.91752e-01
283.45049,	-1.00009e+00,	1.96738e-01,	-9.99831e-01,	4.91391e-01
283.70034,	-1.00010e+00,	1.95434e-01,	-9.99833e-01,	4.91089e-01
283.9502,	-1.00010e+00,	1.98164e-01,	-9.99835e-01,	4.90530e-01
284.20006,	-1.00010e+00,	1.99319e-01,	-9.99832e-01,	4.90159e-01
284.45094,	-1.00010e+00,	1.98102e-01,	-9.99835e-01,	4.89824e-01
284.70079,	-1.00009e+00,	1.92443e-01,	-9.99839e-01,	4.89447e-01
284.95065,	-1.00010e+00,	1.93208e-01,	-9.99838e-01,	4.89060e-01
285.20153,	-1.00009e+00,	2.01284e-01,	-9.99835e-01,	4.88509e-01
285.45138,	-1.00009e+00,	2.10674e-01,	-9.99838e-01,	4.88167e-01
285.70124,	-1.00010e+00,	2.08119e-01,	-9.99839e-01,	4.87905e-01
285.9511,	-1.00010e+00,	2.10743e-01,	-9.99839e-01,	4.87339e-01
286.20198,	-1.00010e+00,	2.12995e-01,	-9.99834e-01,	4.86501e-01
286.45183,	-1.00009e+00,	2.11171e-01,	-9.99832e-01,	4.84649e-01
286.70169,	-1.00010e+00,	2.13213e-01,	-9.99827e-01,	4.82643e-01
286.95257,	-1.00010e+00,	2.09915e-01,	-9.99826e-01,	4.81595e-01
287.20242,	-1.00010e+00,	2.10952e-01,	-9.99825e-01,	4.79972e-01
287.45228,	-1.00010e+00,	2.08265e-01,	-9.99825e-01,	4.75975e-01
287.70214,	-1.00009e+00,	2.04894e-01,	-9.99828e-01,	4.74916e-01
287.95302,	-1.00010e+00,	2.05821e-01,	-9.99833e-01,	4.73476e-01
288.20287,	-1.00010e+00,	2.02783e-01,	-9.99832e-01,	4.66862e-01
288.45273,	-1.00010e+00,	2.06673e-01,	-9.99828e-01,	4.58894e-01
288.70258,	-1.00011e+00,	2.08305e-01,	-9.99827e-01,	4.59239e-01
288.95346,	-1.00013e+00,	2.11008e-01,	-9.99828e-01,	4.60274e-01
289.20332,	-1.00021e+00,	2.12365e-01,	-9.99829e-01,	4.58740e-01
289.45318,	-1.00019e+00,	2.06876e-01,	-9.99828e-01,	4.57156e-01
289.70406,	-1.00018e+00,	2.14401e-01,	-9.99833e-01,	4.54353e-01
289.95391,	-1.00018e+00,	2.12756e-01,	-9.99834e-01,	4.52376e-01
290.20377,	-1.00018e+00,	2.12374e-01,	-9.99837e-01,	4.50601e-01
290.45362,	-1.00018e+00,	2.08364e-01,	-9.99834e-01,	4.49681e-01
290.723,	-1.00018e+00,	2.07163e-01,	-9.99830e-01,	4.50457e-01
290.972856,	-1.00017e+00,	2.06177e-01,	-9.99832e-01,	4.48461e-01
291.222712,	-1.00018e+00,	2.06233e-01,	-9.99837e-01,	4.46630e-01
291.472568,	-1.00018e+00,	2.09328e-01,	-9.99837e-01,	4.46827e-01
291.72345,	-1.00018e+00,	2.09941e-01,	-9.99840e-01,	4.47559e-01
291.9733,	-1.00017e+00,	2.08565e-01,	-9.99839e-01,	4.46784e-01
292.22316,	-1.00017e+00,	2.04667e-01,	-9.99840e-01,	4.46721e-01
292.47302,	-1.00017e+00,	2.10226e-01,	-9.99838e-01,	4.48264e-01
292.7239,	-1.00017e+00,	2.10784e-01,	-9.99835e-01,	4.48225e-01
292.97375,	-1.00016e+00,	2.09784e-01,	-9.99832e-01,	4.48146e-01
293.22361,	-1.00016e+00,	2.09428e-01,	-9.99829e-01,	4.47618e-01
293.47449,	-1.00016e+00,	2.09170e-01,	-9.99825e-01,	4.47147e-01
293.72434,	-1.00016e+00,	2.06383e-01,	-9.99827e-01,	4.45460e-01
293.9742,	-1.00016e+00,	2.06234e-01,	-9.99830e-01,	4.45121e-01
294.22406,	-1.00016e+00,	2.10141e-01,	-9.99836e-01,	4.44264e-01
294.47494,	-1.00016e+00,	2.07215e-01,	-9.99838e-01,	4.41746e-01
294.72479,	-1.00016e+00,	2.04968e-01,	-9.99839e-01,	4.40367e-01
294.97465,	-1.00017e+00,	2.06626e-01,	-9.99838e-01,	4.37756e-01
295.22553,	-1.00016e+00,	2.05575e-01,	-9.99836e-01,	4.37332e-01
295.47538,	-1.00016e+00,	2.10138e-01,	-9.99832e-01,	4.36109e-01
295.72524,	-1.00016e+00,	2.12801e-01,	-9.99832e-01,	4.38605e-01
295.9751,	-1.00016e+00,	2.17519e-01,	-9.99838e-01,	4.38845e-01
296.22598,	-1.00016e+00,	2.19151e-01,	-9.99840e-01,	4.37807e-01
296.47583,	-1.00016e+00,	2.20035e-01,	-9.99846e-01,	4.38450e-01
296.72569,	-1.00016e+00,	2.19851e-01,	-9.99845e-01,	4.37273e-01
296.97554,	-1.00016e+00,	2.20046e-01,	-9.99843e-01,	4.36655e-01
297.22642,	-1.00016e+00,	2.19746e-01,	-9.99848e-01,	4.35381e-01
297.47628,	-1.00016e+00,	2.16195e-01,	-9.99875e-01,	4.25592e-01
297.72614,	-1.00016e+00,	2.13849e-01,	-9.99893e-01,	4.14951e-01
297.97702,	-1.00015e+00,	2.16417e-01,	-9.99890e-01,	4.16651e-01
298.22687,	-1.00015e+00,	2.13840e-01,	-9.99889e-01,	4.21381e-01
298.47673,	-1.00015e+00,	2.11518e-01,	-9.99889e-01,	4.14018e-01
298.72658,	-1.00015e+00,	2.04784e-01,	-9.99891e-01,	4.09206e-01
298.97746,	-1.00015e+00,	2.01789e-01,	-9.99884e-01,	3.91625e-01
299.22732,	-1.00014e+00,	2.00676e-01,	-9.99883e-01,	3.86094e-01
299.47718,	-1.00014e+00,	1.98498e-01,	-9.99883e-01,	3.87850e-01
299.72806,	-1.00014e+00,	1.92628e-01,	-9.99879e-01,	3.81184e-01
299.97791,	-1.00014e+00,	1.98368e-01,	-9.99887e-01,	3.87387e-01
300.22777,	-1.00014e+00,	1.95535e-01,	-9.99887e-01,	3.89849e-01
300.47762,	-1.00014e+00,	1.92790e-01,	-9.99881e-01,	3.69888e-01
300.748,	-1.00014e+00,	1.88319e-01,	-9.99880e-01,	3.64316e-01
300.997856,	-1.00014e+00,	1.89624e-01,	-9.99868e-01,	3.73390e-01
301.247712,	-1.00015e+00,	1.87908e-01,	-9.99871e-01,	3.74648e-01
301.497568,	-1.00014e+00,	1.87910e-01,	-9.99878e-01,	3.77198e-01
301.74845,	-1.00014e+00,	1.87387e-01,	-9.99883e-01,	3.81355e-01
301.9983,	-1.00014e+00,	1.86146e-01,	-9.99881e-01,	3.81928e-01
302.24816,	-1.00014e+00,	1.84597e-01,	-9.99880e-01,	3.50085e-01
302.49904,	-1.00014e+00,	1.84507e-01,	-9.99881e-01,	3.40744e-01
302.7489,	-1.00014e+00,	1.83172e-01,	-9.99877e-01,	3.25772e-01
302.99875,	-1.00013e+00,	1.79913e-01,	-9.99876e-01,	3.14348e-01
303.24861,	-1.00013e+00,	1.78877e-01,	-9.99880e-01,	3.26499e-01
303.49949,	-1.00013e+00,	1.81566e-01,	-9.99886e-01,	3.23344e-01
303.74934,	-1.00013e+00,	1.80632e-01,	-9.99884e-01,	3.07770e-01
303.9992,	-1.00014e+00,	1.77823e-01,	-9.99874e-01,	2.90524e-01
304.24906,	-1.00014e+00,	1.77541e-01,	-9.99873e-01,	2.92437e-01
304.49994,	-1.00014e+00,	1.74985e-01,	-9.99879e-01,	2.88230e-01
304.74979,	-1.00013e+00,	1.66824e-01,	-9.99881e-01,	3.31123e-01
304.99965,	-1.00014e+00,	1.65547e-01,	-9.99882e-01,	3.27102e-01
305.25053,	-1.00014e+00,	1.66272e-01,	-9.99878e-01,	3.15052e-01
305.50038,	-1.00014e+00,	1.63381e-01,	-9.99880e-01,	3.09805e-01
305.75024,	-1.00014e+00,	1.63390e-01,	-9.99878e-01,	3.15703e-01
306.0001,	-1.00014e+00,	1.65375e-01,	-9.99876e-01,	2.91905e-01
306.25098,	-1.00013e+00,	1.62419e-01,	-9.99877e-01,	3.02886e-01
306.50083,	-1.00013e+00,	1.65408e-01,	-9.99877e-01,	3.09538e-01
306.75069,	-1.00013e+00,	1.63701e-01,	-9.99872e-01,	3.12626e-01
307.00157,	-1.00014e+00,	1.61613e-01,	-9.99871e-01,	3.06910e-01
307.25142,	-1.00014e+00,	1.59865e-01,	-9.99871e-01,	3.01806e-01
307.50128,	-1.00014e+00,	1.54615e-01,	-9.99874e-01,	3.20992e-01
307.75114,	-1.00014e+00,	1.51131e-01,	-9.99866e-01,	2.97315e-01
308.00202,	-1.00014e+00,	1.49484e-01,	-9.99864e-01,	3.16916e-01
308.25187,	-1.00014e+00,	1.45831e-01,	-9.99864e-01,	3.14596e-01
308.50173,	-1.00014e+00,	1.47650e-01,	-9.99868e-01,	3.18159e-01
308.75158,	-1.00014e+00,	1.41608e-01,	-9.99875e-01,	3.18325e-01
309.00246,	-1.00014e+00,	1.35522e-01,	-9.99877e-01,	3.18881e-01
309.25232,	-1.00014e+00,	1.27307e-01,	-9.99876e-01,	3.32992e-01
309.50218,	-1.00014e+00,	1.26376e-01,	-9.99881e-01,	3.45172e-01
309.75306,	-1.00014e+00,	1.25935e-01,	-9.99884e-01,	3.46421e-01
310.00291,	-1.00014e+00,	1.20885e-01,	-9.99883e-01,	3.43735e-01
310.25277,	-1.00014e+00,	1.15884e-01,	-9.99886e-01,	3.45767e-01
310.50262,	-1.00013e+00,	1.13992e-01,	-9.99882e-01,	3.39674e-01
310.773,	-1.00013e+00,	1.15962e-01,	-9.99883e-01,	3.40088e-01
311.022856,	-1.00013e+00,	1.07812e-01,	-9.99885e-01,	3.38401e-01
311.272712,	-1.00013e+00,	1.06426e-01,	-9.99891e-01,	3.33042e-01
311.522568,	-1.00013e+00,	1.01346e-01,	-9.99893e-01,	3.33533e-01
311.77345,	-1.00013e+00,	9.73248e-02,	-9.99886e-01,	3.39895e-01
312.0233,	-1.00013e+00,	9.32100e-02,	-9.99885e-01,	3.39585e-01
312.27316,	-1.00012e+00,	9.32264e-02,	-9.99882e-01,	3.37604e-01
312.52404,	-1.00012e+00,	8.78642e-02,	-9.99883e-01,	3.38659e-01
312.7739,	-1.00012e+00,	8.25727e-02,	-9.99878e-01,	3.39122e-01
313.02375,	-1.00013e+00,	8.76195e-02,	-9.99874e-01,	3.41397e-01
313.27361,	-1.00013e+00,	8.59158e-02,	-9.99869e-01,	3.57559e-01
313.52449,	-1.00013e+00,	8.42636e-02,	-9.99865e-01,	3.48383e-01
313.77434,	-1.00013e+00,	7.87261e-02,	-9.99867e-01,	3.45757e-01
314.0242,	-1.00012e+00,	7.49717e-02,	-9.99867e-01,	3.44088e-01
314.27406,	-1.00012e+00,	7.28681e-02,	-9.99871e-01,	3.45388e-01
314.52494,	-1.00012e+00,	7.16879e-02,	-9.99874e-01,	3.42989e-01
314.77479,	-1.00012e+00,	6.87561e-02,	-9.99871e-01,	3.37438e-01
315.02465,	-1.00012e+00,	6.63986e-02,	-9.99869e-01,	3.36621e-01
315.27553,	-1.00012e+00,	6.37515e-02,	-9.99875e-01,	3.42949e-01
315.52538,	-1.00013e+00,	6.71196e-02,	-9.99881e-01,	3.34750e-01
315.77524,	-1.00012e+00,	6.45826e-02,	-9.99880e-01,	3.44382e-01
316.0251,	-1.00012e+00,	6.26507e-02,	-9.99876e-01,	3.48516e-01
316.27598,	-1.00011e+00,	6.21758e-02,	-9.99879e-01,	3.34900e-01
316.52583,	-1.00011e+00,	6.04870e-02,	-9.99882e-01,	3.32005e-01
316.77569,	-1.00012e+00,	5.75809e-02,	-9.99884e-01,	3.30955e-01
317.02657,	-1.00012e+00,	5.55253e-02,	-9.99884e-01,	3.30456e-01
317.27642,	-1.00013e+00,	5.28159e-02,	-9.99883e-01,	3.29206e-01
317.52628,	-1.00013e+00,	4.76131e-02,	-9.99880e-01,	3.28331e-01
317.77614,	-1.00013e+00,	4.09977e-02,	-9.99879e-01,	3.27508e-01
318.02702,	-1.00013e+00,	3.67320e-02,	-9.99881e-01,	3.28074e-01
318.27687,	-1.00013e+00,	3.41449e-02,	-9.99877e-01,	3.28436e-01
318.52673,	-1.00012e+00,	3.16801e-02,	-9.99882e-01,	3.28370e-01
318.77658,	-1.00013e+00,	2.99714e-02,	-9.99882e-01,	3.27940e-01
319.02746,	-1.00012e+00,	2.86210e-02,	-9.99887e-01,	3.27538e-01
319.27732,	-1.00012e+00,	2.79908e-02,	-9.99890e-01,	3.27309e-01
319.52718,	-1.00012e+00,	2.36700e-02,	-9.99888e-01,	3.27089e-01
319.77806,	-1.00011e+00,	2.11859e-02,	-9.99885e-01,	3.26683e-01
320.02791,	-1.00011e+00,	1.92139e-02,	-9.99893e-01,	3.26078e-01
320.27777,	-1.00011e+00,	1.69086e-02,	-9.99893e-01,	3.25721e-01
320.52762,	-1.00011e+00,	1.11709e-02,	-9.99898e-01,	3.25265e-01
320.798,	-1.00010e+00,	1.34182e-03,	-9.99896e-01,	3.24902e-01
321.047856,	-1.00011e+00,	-2.32887e-03,	-9.99893e-01,	3.24202e-01
321.297712,	-1.00011e+00,	-6.04463e-03,	-9.99898e-01,	3.23533e-01
321.547568,	-1.00012e+00,	-5.99957e-03,	-9.99900e-01,	3.22568e-01
321.79845,	-1.00011e+00,	-4.98462e-03,	-9.99895e-01,	3.20797e-01
322.0483,	-1.00011e+00,	-4.08125e-03,	-9.99893e-01,	3.21020e-01
322.29816,	-1.00011e+00,	-8.86989e-03,	-9.99897e-01,	3.20475e-01
322.54904,	-1.00011e+00,	-1.12517e-02,	-9.99902e-01,	3.20062e-01
322.7989,	-1.00011e+00,	-1.72577e-02,	-9.99902e-01,	3.19212e-01
323.04875,	-1.00011e+00,	-2.10500e-02,	-9.99905e-01,	3.18561e-01
323.29861,	-1.00011e+00,	-2.34597e-02,	-9.99905e-01,	3.17518e-01
323.54949,	-1.00010e+00,	-3.05772e-02,	-9.99903e-01,	3.16877e-01
323.79934,	-1.00011e+00,	-3.40319e-02,	-9.99899e-01,	3.16436e-01
324.0492,	-1.00011e+00,	-3.75495e-02,	-9.99902e-01,	3.16112e-01
324.29906,	-1.00011e+00,	-3.90179e-02,	-9.99901e-01,	3.15712e-01
324.54994,	-1.00011e+00,	-4.17144e-02,	-9.99904e-01,	3.14916e-01
324.79979,	-1.00012e+00,	-4.48973e-02,	-9.99903e-01,	3.14220e-01
325.04965,	-1.00012e+00,	-4.92418e-02,	-9.99904e-01,	3.13678e-01
325.30053,	-1.00011e+00,	-5.65968e-02,	-9.99904e-01,	3.11239e-01
325.55038,	-1.00011e+00,	-6.07209e-02,	-9.99902e-01,	3.07588e-01
325.80024,	-1.00011e+00,	-6.48966e-02,	-9.99902e-01,	3.07106e-01
326.0501,	-1.00011e+00,	-6.73120e-02,	-9.99898e-01,	3.06520e-01
326.30098,	-1.00012e+00,	-6.93755e-02,	-9.99899e-01,	3.07918e-01
326.55083,	-1.00011e+00,	-6.85780e-02,	-9.99895e-01,	3.09088e-01
326.80069,	-1.00011e+00,	-7.11529e-02,	-9.99894e-01,	3.08388e-01
327.05157,	-1.00010e+00,	-7.46312e-02,	-9.99885e-01,	3.07318e-01
327.30142,	-1.00011e+00,	-7.34854e-02,	-9.99884e-01,	3.06577e-01
327.55128,	-1.00011e+00,	-7.55482e-02,	-9.99891e-01,	3.06077e-01
327.80114,	-1.00011e+00,	-7.90544e-02,	-9.99898e-01,	3.05493e-01
328.05202,	-1.00010e+00,	-7.65917e-02,	-9.99896e-01,	3.04790e-01
328.30187,	-1.00010e+00,	-7.61011e-02,	-9.99889e-01,	3.04413e-01
328.55173,	-1.00011e+00,	-7.41055e-02,	-9.99888e-01,	3.03829e-01
328.80158,	-1.00012e+00,	-6.86910e-02,	-9.99885e-01,	3.03409e-01
329.05246,	-1.00011e+00,	-7.19512e-02,	-9.99889e-01,	3.02683e-01
329.30232,	-1.00011e+00,	-7.24654e-02,	-9.99889e-01,	3.01872e-01
329.55218,	-1.00011e+00,	-7.08618e-02,	-9.99890e-01,	3.01256e-01
329.80306,	-1.00011e+00,	-7.10020e-02,	-9.99894e-01,	3.00665e-01
330.05291,	-1.00011e+00,	-7.32944e-02,	-9.99889e-01,	3.00315e-01
330.30277,	-1.00011e+00,	-7.55146e-02,	-9.99894e-01,	3.00243e-01
330.55262,	-1.00011e+00,	-7.86088e-02,	-9.99894e-01,	2.99871e-01
330.823,	-1.00011e+00,	-7.99742e-02,	-9.99894e-01,	2.99423e-01
331.072856,	-1.00012e+00,	-8.05328e-02,	-9.99897e-01,	2.98967e-01
331.322712,	-1.00012e+00,	-8.34146e-02,	-9.99896e-01,	2.98523e-01
331.572568,	-1.00012e+00,	-8.64837e-02,	-9.99895e-01,	2.97840e-01
331.82345,	-1.00012e+00,	-8.87761e-02,	-9.99897e-01,	2.96790e-01
332.0733,	-1.00013e+00,	-8.99642e-02,	-9.99898e-01,	2.96094e-01
332.32316,	-1.00012e+00,	-9.09655e-02,	-9.99894e-01,	2.94802e-01
332.57404,	-1.00012e+00,	-9.24518e-02,	-9.99894e-01,	2.94351e-01
332.8239,	-1.00012e+00,	-9.17923e-02,	-9.99890e-01,	2.93249e-01
333.07375,	-1.00012e+00,	-9.20355e-02,	-9.99889e-01,	2.92248e-01
333.32361,	-1.00012e+00,	-9.34160e-02,	-9.99891e-01,	2.90980e-01
333.57449,	-1.00012e+00,	-9.35318e-02,	-9.99898e-01,	2.90061e-01
333.82434,	-1.00011e+00,	-9.12523e-02,	-9.99902e-01,	2.89231e-01
334.0742,	-1.00011e+00,	-9.46770e-02,	-9.99902e-01,	2.88049e-01
334.32406,	-1.00012e+00,	-9.62183e-02,	-9.99905e-01,	2.87196e-01
334.57494,	-1.00011e+00,	-9.19776e-02,	-9.99909e-01,	2.85958e-01
334.82479,	-1.00011e+00,	-9.33473e-02,	-9.99907e-01,	2.85837e-01
335.07465,	-1.00011e+00,	-9.58915e-02,	-9.99902e-01,	2.85281e-01
335.32553,	-1.00011e+00,	-9.60402e-02,	-9.99899e-01,	2.84100e-01
335.57538,	-1.00011e+00,	-9.71632e-02,	-9.99893e-01,	2.83399e-01
335.82524,	-1.00012e+00,	-8.30369e-02,	-9.99893e-01,	2.82265e-01
336.0751,	-1.00011e+00,	-5.92189e-02,	-9.99894e-01,	2.81000e-01
336.32598,	-1.00011e+00,	-5.94807e-02,	-9.99897e-01,	2.79264e-01
336.57583,	-1.00011e+00,	-4.34418e-02,	-9.99895e-01,	2.77372e-01
336.82569,	-1.00010e+00,	-4.26192e-02,	-9.99894e-01,	2.75926e-01
337.07657,	-1.00010e+00,	-4.30906e-02,	-9.99897e-01,	2.74389e-01
337.32642,	-1.00010e+00,	-4.41012e-02,	-9.99889e-01,	2.72837e-01
337.57628,	-1.00011e+00,	-4.52120e-02,	-9.99893e-01,	2.71332e-01
337.82614,	-1.00011e+00,	-4.69279e-02,	-9.99887e-01,	2.69896e-01
338.07702,	-1.00011e+00,	-4.90966e-02,	-9.99887e-01,	2.68664e-01
338.32687,	-1.00011e+00,	-5.07052e-02,	-9.99888e-01,	2.67