4.9e-05,	-1.00013e+00,	7.45274e-01,	-1.00009e+00,	9.83751e-01
0.249905,	-1.00012e+00,	7.32053e-01,	-1.00008e+00,	9.79541e-01
0.499761,	-1.00012e+00,	7.30844e-01,	-1.00008e+00,	9.75643e-01
0.749617,	-1.00012e+00,	7.27293e-01,	-1.00008e+00,	9.72009e-01
1.000499,	-1.00012e+00,	7.25033e-01,	-1.00008e+00,	9.68590e-01
1.250349,	-1.00013e+00,	7.14910e-01,	-1.00008e+00,	9.65366e-01
1.500209,	-1.00013e+00,	7.12759e-01,	-1.00009e+00,	9.62294e-01
1.751089,	-1.00014e+00,	6.96465e-01,	-1.00009e+00,	9.59365e-01
2.000949,	-1.00013e+00,	6.97451e-01,	-1.00009e+00,	9.56578e-01
2.250799,	-1.00013e+00,	7.00639e-01,	-1.00009e+00,	9.53899e-01
2.500659,	-1.00012e+00,	6.87906e-01,	-1.00009e+00,	9.51332e-01
2.751539,	-1.00013e+00,	6.81864e-01,	-1.00009e+00,	9.48886e-01
3.001389,	-1.00013e+00,	6.79800e-01,	-1.00009e+00,	9.46507e-01
3.251249,	-1.00013e+00,	6.63663e-01,	-1.00009e+00,	9.44206e-01
3.501109,	-1.00013e+00,	6.50510e-01,	-1.00009e+00,	9.41990e-01
3.751989,	-1.00013e+00,	6.61146e-01,	-1.00009e+00,	9.39836e-01
4.001839,	-1.00013e+00,	6.61564e-01,	-1.00009e+00,	9.37734e-01
4.251699,	-1.00013e+00,	6.59328e-01,	-1.00009e+00,	9.35692e-01
4.502579,	-1.00012e+00,	6.59729e-01,	-1.00009e+00,	9.33716e-01
4.752429,	-1.00012e+00,	6.61217e-01,	-1.00009e+00,	9.31789e-01
5.002289,	-1.00012e+00,	6.58724e-01,	-1.00008e+00,	9.29914e-01
5.252149,	-1.00012e+00,	6.47611e-01,	-1.00007e+00,	9.28079e-01
5.503029,	-1.00012e+00,	6.43864e-01,	-1.00008e+00,	9.26279e-01
5.752879,	-1.00012e+00,	6.40951e-01,	-1.00008e+00,	9.24514e-01
6.002739,	-1.00012e+00,	6.23900e-01,	-1.00008e+00,	9.22811e-01
6.253619,	-1.00012e+00,	6.28663e-01,	-1.00008e+00,	9.21115e-01
6.503469,	-1.00012e+00,	6.94340e-01,	-1.00008e+00,	9.19474e-01
6.753329,	-1.00011e+00,	7.06736e-01,	-1.00008e+00,	9.17856e-01
7.003189,	-1.00011e+00,	7.08165e-01,	-1.00008e+00,	9.16264e-01
7.254069,	-1.00011e+00,	7.12456e-01,	-1.00007e+00,	9.14774e-01
7.503919,	-1.00012e+00,	7.05535e-01,	-1.00007e+00,	9.13266e-01
7.753779,	-1.00011e+00,	7.05445e-01,	-1.00007e+00,	9.11778e-01
8.003629,	-1.00012e+00,	7.03179e-01,	-1.00007e+00,	9.10378e-01
8.254509,	-1.00011e+00,	6.98504e-01,	-1.00007e+00,	9.08924e-01
8.504369,	-1.00011e+00,	6.94561e-01,	-1.00007e+00,	9.07526e-01
8.754229,	-1.00012e+00,	6.90525e-01,	-1.00006e+00,	9.06142e-01
9.005109,	-1.00012e+00,	6.85030e-01,	-1.00006e+00,	9.04785e-01
9.254959,	-1.00012e+00,	6.75646e-01,	-1.00006e+00,	9.03441e-01
9.504819,	-1.00011e+00,	6.69429e-01,	-1.00006e+00,	9.02115e-01
9.754669,	-1.00011e+00,	6.77628e-01,	-1.00006e+00,	9.00811e-01
10.0248,	-1.00012e+00,	6.75568e-01,	-1.00006e+00,	8.99437e-01
10.274656,	-1.00012e+00,	6.71230e-01,	-1.00006e+00,	8.98173e-01
10.524512,	-1.00012e+00,	6.70032e-01,	-1.00007e+00,	8.96921e-01
10.774368,	-1.00013e+00,	6.73673e-01,	-1.00006e+00,	8.95667e-01
11.02525,	-1.00012e+00,	6.76159e-01,	-1.00006e+00,	8.94444e-01
11.2751,	-1.00012e+00,	6.70422e-01,	-1.00006e+00,	8.93243e-01
11.52496,	-1.00013e+00,	6.69206e-01,	-1.00006e+00,	8.92051e-01
11.77584,	-1.00012e+00,	6.65533e-01,	-1.00006e+00,	8.90873e-01
12.0257,	-1.00013e+00,	6.58942e-01,	-1.00006e+00,	8.89640e-01
12.27555,	-1.00013e+00,	6.54571e-01,	-1.00006e+00,	8.88499e-01
12.52541,	-1.00013e+00,	6.50433e-01,	-1.00006e+00,	8.87405e-01
12.77629,	-1.00013e+00,	6.49125e-01,	-1.00006e+00,	8.86308e-01
13.02614,	-1.00014e+00,	6.48178e-01,	-1.00006e+00,	8.85203e-01
13.276,	-1.00014e+00,	6.39830e-01,	-1.00006e+00,	8.84106e-01
13.52586,	-1.00013e+00,	6.42632e-01,	-1.00006e+00,	8.83047e-01
13.77674,	-1.00013e+00,	6.31346e-01,	-1.00007e+00,	8.81993e-01
14.02659,	-1.00014e+00,	6.24251e-01,	-1.00007e+00,	8.80942e-01
14.27645,	-1.00014e+00,	6.27836e-01,	-1.00007e+00,	8.79913e-01
14.52733,	-1.00014e+00,	6.17261e-01,	-1.00007e+00,	8.78904e-01
14.77718,	-1.00014e+00,	5.96855e-01,	-1.00007e+00,	8.77898e-01
15.02704,	-1.00015e+00,	6.37729e-01,	-1.00008e+00,	8.76894e-01
15.2769,	-1.00015e+00,	6.41989e-01,	-1.00008e+00,	8.75911e-01
15.52778,	-1.00015e+00,	6.09894e-01,	-1.00008e+00,	8.74927e-01
15.77763,	-1.00015e+00,	6.28426e-01,	-1.00008e+00,	8.73919e-01
16.02749,	-1.00014e+00,	6.36208e-01,	-1.00008e+00,	8.72960e-01
16.27837,	-1.00014e+00,	6.29431e-01,	-1.00008e+00,	8.72025e-01
16.52822,	-1.00013e+00,	6.17641e-01,	-1.00008e+00,	8.71078e-01
16.77808,	-1.00013e+00,	6.13868e-01,	-1.00008e+00,	8.70076e-01
17.02794,	-1.00014e+00,	6.10891e-01,	-1.00008e+00,	8.69110e-01
17.27882,	-1.00014e+00,	6.05249e-01,	-1.00008e+00,	8.68187e-01
17.52867,	-1.00014e+00,	6.01298e-01,	-1.00008e+00,	8.67273e-01
17.77853,	-1.00014e+00,	6.14691e-01,	-1.00008e+00,	8.66390e-01
18.02838,	-1.00014e+00,	6.19977e-01,	-1.00008e+00,	8.65512e-01
18.27926,	-1.00013e+00,	6.20288e-01,	-1.00008e+00,	8.64687e-01
18.52912,	-1.00013e+00,	6.17851e-01,	-1.00007e+00,	8.63857e-01
18.77898,	-1.00012e+00,	6.04658e-01,	-1.00007e+00,	8.62992e-01
19.02986,	-1.00012e+00,	5.99292e-01,	-1.00007e+00,	8.62151e-01
19.27971,	-1.00012e+00,	5.81484e-01,	-1.00008e+00,	8.61305e-01
19.52957,	-1.00012e+00,	5.78983e-01,	-1.00008e+00,	8.60466e-01
19.77942,	-1.00013e+00,	5.79923e-01,	-1.00008e+00,	8.59634e-01
20.0496,	-1.00012e+00,	5.66097e-01,	-1.00008e+00,	8.58742e-01
20.299456,	-1.00012e+00,	5.74752e-01,	-1.00008e+00,	8.57908e-01
20.549312,	-1.00012e+00,	5.90885e-01,	-1.00007e+00,	8.57093e-01
20.799168,	-1.00013e+00,	5.96274e-01,	-1.00007e+00,	8.56285e-01
21.05005,	-1.00013e+00,	5.69505e-01,	-1.00007e+00,	8.55449e-01
21.2999,	-1.00013e+00,	5.85845e-01,	-1.00007e+00,	8.54653e-01
21.54976,	-1.00014e+00,	5.92538e-01,	-1.00007e+00,	8.54003e-01
21.80064,	-1.00014e+00,	5.93835e-01,	-1.00007e+00,	8.53317e-01
22.0505,	-1.00013e+00,	5.85428e-01,	-1.00007e+00,	8.52574e-01
22.30035,	-1.00013e+00,	5.82169e-01,	-1.00006e+00,	8.51846e-01
22.55021,	-1.00014e+00,	5.79372e-01,	-1.00007e+00,	8.51075e-01
22.80109,	-1.00014e+00,	5.60828e-01,	-1.00007e+00,	8.50341e-01
23.05094,	-1.00014e+00,	5.62161e-01,	-1.00007e+00,	8.49582e-01
23.3008,	-1.00014e+00,	5.61368e-01,	-1.00007e+00,	8.48825e-01
23.55066,	-1.00014e+00,	5.63760e-01,	-1.00007e+00,	8.48069e-01
23.80154,	-1.00014e+00,	5.61676e-01,	-1.00007e+00,	8.47311e-01
24.05139,	-1.00014e+00,	5.75871e-01,	-1.00007e+00,	8.46556e-01
24.30125,	-1.00014e+00,	5.44367e-01,	-1.00006e+00,	8.45748e-01
24.55213,	-1.00014e+00,	5.38672e-01,	-1.00007e+00,	8.44974e-01
24.80198,	-1.00014e+00,	4.89475e-01,	-1.00006e+00,	8.44234e-01
25.05184,	-1.00015e+00,	4.98962e-01,	-1.00006e+00,	8.43494e-01
25.3017,	-1.00015e+00,	5.12993e-01,	-1.00006e+00,	8.42726e-01
25.55258,	-1.00015e+00,	5.62468e-01,	-1.00006e+00,	8.41990e-01
25.80243,	-1.00015e+00,	6.07034e-01,	-1.00006e+00,	8.41187e-01
26.05229,	-1.00015e+00,	5.99818e-01,	-1.00006e+00,	8.40443e-01
26.30317,	-1.00014e+00,	6.03207e-01,	-1.00006e+00,	8.39713e-01
26.55302,	-1.00015e+00,	6.01506e-01,	-1.00006e+00,	8.39016e-01
26.80288,	-1.00015e+00,	5.94946e-01,	-1.00006e+00,	8.38320e-01
27.05274,	-1.00014e+00,	5.86214e-01,	-1.00006e+00,	8.37610e-01
27.30362,	-1.00015e+00,	5.82236e-01,	-1.00007e+00,	8.36944e-01
27.55347,	-1.00015e+00,	5.81456e-01,	-1.00007e+00,	8.36221e-01
27.80333,	-1.00015e+00,	5.78405e-01,	-1.00007e+00,	8.35600e-01
28.05421,	-1.00015e+00,	5.79222e-01,	-1.00007e+00,	8.35008e-01
28.30406,	-1.00014e+00,	5.82858e-01,	-1.00008e+00,	8.34330e-01
28.55392,	-1.00015e+00,	5.79588e-01,	-1.00008e+00,	8.33702e-01
28.80378,	-1.00014e+00,	5.79282e-01,	-1.00007e+00,	8.33020e-01
29.05466,	-1.00015e+00,	5.79469e-01,	-1.00007e+00,	8.32331e-01
29.30451,	-1.00015e+00,	5.78701e-01,	-1.00008e+00,	8.31697e-01
29.55437,	-1.00015e+00,	5.71641e-01,	-1.00007e+00,	8.30979e-01
29.80422,	-1.00015e+00,	5.65744e-01,	-1.00007e+00,	8.30315e-01
30.0745,	-1.00014e+00,	5.61094e-01,	-1.00007e+00,	8.29657e-01
30.324356,	-1.00014e+00,	5.59006e-01,	-1.00006e+00,	8.29139e-01
30.574212,	-1.00014e+00,	5.60766e-01,	-1.00007e+00,	8.28532e-01
30.824068,	-1.00015e+00,	5.60659e-01,	-1.00007e+00,	8.27873e-01
31.07495,	-1.00015e+00,	5.46897e-01,	-1.00007e+00,	8.27244e-01
31.3248,	-1.00015e+00,	5.38523e-01,	-1.00007e+00,	8.26612e-01
31.57466,	-1.00015e+00,	5.50622e-01,	-1.00007e+00,	8.25939e-01
31.82554,	-1.00015e+00,	5.51861e-01,	-1.00007e+00,	8.25298e-01
32.0754,	-1.00015e+00,	5.52005e-01,	-1.00007e+00,	8.24681e-01
32.32525,	-1.00015e+00,	5.63978e-01,	-1.00007e+00,	8.24122e-01
32.57511,	-1.00015e+00,	5.61482e-01,	-1.00007e+00,	8.23508e-01
32.82599,	-1.00015e+00,	5.58572e-01,	-1.00007e+00,	8.22895e-01
33.07584,	-1.00015e+00,	5.55327e-01,	-1.00007e+00,	8.22262e-01
33.3257,	-1.00015e+00,	5.52739e-01,	-1.00007e+00,	8.21641e-01
33.57556,	-1.00015e+00,	5.50272e-01,	-1.00006e+00,	8.21056e-01
33.82644,	-1.00016e+00,	5.41920e-01,	-1.00007e+00,	8.20401e-01
34.07629,	-1.00016e+00,	5.37477e-01,	-1.00007e+00,	8.19818e-01
34.32615,	-1.00016e+00,	5.37151e-01,	-1.00007e+00,	8.19242e-01
34.57703,	-1.00015e+00,	5.34926e-01,	-1.00007e+00,	8.18603e-01
34.82688,	-1.00015e+00,	5.38301e-01,	-1.00007e+00,	8.17988e-01
35.07674,	-1.00015e+00,	5.40492e-01,	-1.00007e+00,	8.17359e-01
35.3266,	-1.00015e+00,	5.45715e-01,	-1.00006e+00,	8.16748e-01
35.57748,	-1.00015e+00,	5.43076e-01,	-1.00006e+00,	8.16153e-01
35.82733,	-1.00015e+00,	5.39088e-01,	-1.00006e+00,	8.15517e-01
36.07719,	-1.00015e+00,	5.39500e-01,	-1.00006e+00,	8.14842e-01
36.32704,	-1.00014e+00,	5.41697e-01,	-1.00006e+00,	8.14260e-01
36.57792,	-1.00014e+00,	5.42768e-01,	-1.00006e+00,	8.13625e-01
36.82778,	-1.00014e+00,	5.44197e-01,	-1.00006e+00,	8.13123e-01
37.07764,	-1.00013e+00,	5.34515e-01,	-1.00006e+00,	8.12737e-01
37.32852,	-1.00014e+00,	5.30899e-01,	-1.00007e+00,	8.12360e-01
37.57837,	-1.00014e+00,	5.21974e-01,	-1.00007e+00,	8.11828e-01
37.82823,	-1.00014e+00,	5.19761e-01,	-1.00006e+00,	8.11266e-01
38.07808,	-1.00014e+00,	5.14156e-01,	-1.00006e+00,	8.10692e-01
38.32896,	-1.00014e+00,	5.18839e-01,	-1.00007e+00,	8.10112e-01
38.57882,	-1.00013e+00,	5.30755e-01,	-1.00007e+00,	8.09478e-01
38.82868,	-1.00014e+00,	5.30199e-01,	-1.00007e+00,	8.08484e-01
39.07956,	-1.00014e+00,	5.23268e-01,	-1.00007e+00,	8.08057e-01
39.32941,	-1.00015e+00,	5.18440e-01,	-1.00008e+00,	8.07687e-01
39.57927,	-1.00015e+00,	5.13157e-01,	-1.00008e+00,	8.07136e-01
39.82912,	-1.00015e+00,	4.99738e-01,	-1.00009e+00,	8.06585e-01
40.0993,	-1.00015e+00,	4.95305e-01,	-1.00008e+00,	8.05957e-01
40.349156,	-1.00015e+00,	4.95951e-01,	-1.00008e+00,	8.05369e-01
40.599012,	-1.00015e+00,	5.05001e-01,	-1.00008e+00,	8.04837e-01
40.848868,	-1.00015e+00,	5.04637e-01,	-1.00008e+00,	8.04284e-01
41.09975,	-1.00015e+00,	4.84384e-01,	-1.00007e+00,	8.03747e-01
41.3496,	-1.00015e+00,	4.82993e-01,	-1.00007e+00,	8.03200e-01
41.59946,	-1.00016e+00,	4.83132e-01,	-1.00007e+00,	8.02706e-01
41.85034,	-1.00016e+00,	4.79236e-01,	-1.00007e+00,	8.02169e-01
42.1002,	-1.00016e+00,	4.72093e-01,	-1.00007e+00,	8.01571e-01
42.35005,	-1.00015e+00,	4.70334e-01,	-1.00007e+00,	8.01012e-01
42.59991,	-1.00015e+00,	4.67241e-01,	-1.00007e+00,	8.00453e-01
42.85079,	-1.00015e+00,	4.76591e-01,	-1.00007e+00,	7.99908e-01
43.10064,	-1.00015e+00,	4.62180e-01,	-1.00007e+00,	7.99355e-01
43.3505,	-1.00016e+00,	4.30965e-01,	-1.00007e+00,	7.98799e-01
43.60036,	-1.00016e+00,	4.23663e-01,	-1.00007e+00,	7.98269e-01
43.85124,	-1.00016e+00,	4.46525e-01,	-1.00007e+00,	7.97673e-01
44.10109,	-1.00016e+00,	4.34759e-01,	-1.00007e+00,	7.97091e-01
44.35095,	-1.00016e+00,	4.20127e-01,	-1.00007e+00,	7.96623e-01
44.60183,	-1.00016e+00,	4.42512e-01,	-1.00007e+00,	7.96118e-01
44.85168,	-1.00015e+00,	5.07555e-01,	-1.00007e+00,	7.95556e-01
45.10154,	-1.00016e+00,	5.15065e-01,	-1.00008e+00,	7.95040e-01
45.3514,	-1.00017e+00,	5.16467e-01,	-1.00008e+00,	7.94511e-01
45.60228,	-1.00017e+00,	5.20829e-01,	-1.00007e+00,	7.93962e-01
45.85213,	-1.00017e+00,	5.28365e-01,	-1.00007e+00,	7.93447e-01
46.10199,	-1.00017e+00,	5.26509e-01,	-1.00007e+00,	7.92914e-01
46.35287,	-1.00017e+00,	5.25244e-01,	-1.00007e+00,	7.92380e-01
46.60272,	-1.00017e+00,	5.14105e-01,	-1.00007e+00,	7.91861e-01
46.85258,	-1.00016e+00,	5.11142e-01,	-1.00007e+00,	7.91354e-01
47.10244,	-1.00017e+00,	5.07778e-01,	-1.00007e+00,	7.90863e-01
47.35332,	-1.00017e+00,	4.99841e-01,	-1.00007e+00,	7.90339e-01
47.60317,	-1.00017e+00,	4.96277e-01,	-1.00007e+00,	7.89865e-01
47.85303,	-1.00017e+00,	5.02715e-01,	-1.00007e+00,	7.89286e-01
48.10288,	-1.00017e+00,	4.93283e-01,	-1.00007e+00,	7.88489e-01
48.35376,	-1.00018e+00,	4.99917e-01,	-1.00007e+00,	7.87916e-01
48.60362,	-1.00018e+00,	4.88261e-01,	-1.00007e+00,	7.87408e-01
48.85348,	-1.00018e+00,	4.74577e-01,	-1.00006e+00,	7.86941e-01
49.10436,	-1.00018e+00,	4.60584e-01,	-1.00006e+00,	7.86435e-01
49.35421,	-1.00018e+00,	4.51862e-01,	-1.00006e+00,	7.85909e-01
49.60407,	-1.00018e+00,	4.39392e-01,	-1.00006e+00,	7.85397e-01
49.85392,	-1.00018e+00,	4.46420e-01,	-1.00006e+00,	7.84899e-01
50.1241,	-1.00017e+00,	4.45498e-01,	-1.00006e+00,	7.84367e-01
50.373956,	-1.00017e+00,	4.39298e-01,	-1.00005e+00,	7.83895e-01
50.623812,	-1.00018e+00,	4.32854e-01,	-1.00005e+00,	7.83422e-01
50.873668,	-1.00018e+00,	4.31464e-01,	-1.00005e+00,	7.82937e-01
51.12455,	-1.00017e+00,	4.29987e-01,	-1.00005e+00,	7.82491e-01
51.3744,	-1.00017e+00,	4.29585e-01,	-1.00005e+00,	7.82011e-01
51.62426,	-1.00017e+00,	4.47128e-01,	-1.00005e+00,	7.81541e-01
51.87514,	-1.00017e+00,	4.53826e-01,	-1.00006e+00,	7.81057e-01
52.125,	-1.00018e+00,	4.48477e-01,	-1.00006e+00,	7.80596e-01
52.37485,	-1.00018e+00,	4.50890e-01,	-1.00006e+00,	7.80177e-01
52.62471,	-1.00018e+00,	4.38115e-01,	-1.00006e+00,	7.79720e-01
52.87559,	-1.00017e+00,	4.37578e-01,	-1.00006e+00,	7.79245e-01
53.12544,	-1.00017e+00,	4.50168e-01,	-1.00006e+00,	7.78756e-01
53.3753,	-1.00018e+00,	4.43763e-01,	-1.00006e+00,	7.78297e-01
53.62516,	-1.00018e+00,	4.33218e-01,	-1.00006e+00,	7.77859e-01
53.87604,	-1.00018e+00,	4.21113e-01,	-1.00006e+00,	7.77438e-01
54.12589,	-1.00018e+00,	5.72941e-01,	-1.00007e+00,	7.76986e-01
54.37575,	-1.00017e+00,	5.87648e-01,	-1.00007e+00,	7.76547e-01
54.62663,	-1.00017e+00,	5.88242e-01,	-1.00007e+00,	7.76105e-01
54.87648,	-1.00018e+00,	5.89434e-01,	-1.00006e+00,	7.75650e-01
55.12634,	-1.00018e+00,	5.89587e-01,	-1.00006e+00,	7.75218e-01
55.3762,	-1.00017e+00,	5.89432e-01,	-1.00006e+00,	7.74760e-01
55.62708,	-1.00017e+00,	5.90625e-01,	-1.00005e+00,	7.74312e-01
55.87693,	-1.00017e+00,	5.89858e-01,	-1.00005e+00,	7.73867e-01
56.12679,	-1.00018e+00,	5.86808e-01,	-1.00005e+00,	7.73422e-01
56.37767,	-1.00017e+00,	5.80688e-01,	-1.00005e+00,	7.72972e-01
56.62752,	-1.00017e+00,	5.74435e-01,	-1.00005e+00,	7.72414e-01
56.87738,	-1.00017e+00,	5.65679e-01,	-1.00005e+00,	7.71932e-01
57.12724,	-1.00017e+00,	5.57704e-01,	-1.00006e+00,	7.71679e-01
57.37812,	-1.00017e+00,	5.51653e-01,	-1.00006e+00,	7.71698e-01
57.62797,	-1.00018e+00,	5.46999e-01,	-1.00006e+00,	7.71325e-01
57.87783,	-1.00018e+00,	5.29407e-01,	-1.00005e+00,	7.70938e-01
58.12768,	-1.00018e+00,	5.07073e-01,	-1.00005e+00,	7.70509e-01
58.37856,	-1.00018e+00,	5.10162e-01,	-1.00005e+00,	7.70143e-01
58.62842,	-1.00018e+00,	5.16159e-01,	-1.00005e+00,	7.69788e-01
58.87828,	-1.00018e+00,	4.98658e-01,	-1.00005e+00,	7.69351e-01
59.12916,	-1.00018e+00,	4.82782e-01,	-1.00005e+00,	7.68942e-01
59.37901,	-1.00019e+00,	4.65642e-01,	-1.00005e+00,	7.68540e-01
59.62887,	-1.00019e+00,	4.54928e-01,	-1.00005e+00,	7.68136e-01
59.87872,	-1.00019e+00,	4.75175e-01,	-1.00005e+00,	7.67733e-01
60.149,	-1.00019e+00,	5.02153e-01,	-1.00005e+00,	7.67291e-01
60.398856,	-1.00019e+00,	5.01074e-01,	-1.00005e+00,	7.66854e-01
60.648712,	-1.00018e+00,	4.87422e-01,	-1.00005e+00,	7.66385e-01
60.898568,	-1.00019e+00,	4.71489e-01,	-1.00004e+00,	7.65960e-01
61.14945,	-1.00018e+00,	4.85421e-01,	-1.00004e+00,	7.65570e-01
61.3993,	-1.00019e+00,	5.48649e-01,	-1.00005e+00,	7.65209e-01
61.64916,	-1.00018e+00,	5.49572e-01,	-1.00004e+00,	7.64790e-01
61.89902,	-1.00018e+00,	5.48405e-01,	-1.00004e+00,	7.64303e-01
62.1499,	-1.00018e+00,	5.45693e-01,	-1.00005e+00,	7.63856e-01
62.39975,	-1.00018e+00,	5.37332e-01,	-1.00004e+00,	7.63500e-01
62.64961,	-1.00018e+00,	5.30472e-01,	-1.00004e+00,	7.63053e-01
62.90049,	-1.00018e+00,	5.27106e-01,	-1.00004e+00,	7.62638e-01
63.15034,	-1.00018e+00,	5.25214e-01,	-1.00004e+00,	7.62214e-01
63.4002,	-1.00019e+00,	5.24352e-01,	-1.00003e+00,	7.61869e-01
63.65006,	-1.00018e+00,	5.04933e-01,	-1.00003e+00,	7.61494e-01
63.90094,	-1.00019e+00,	4.74808e-01,	-1.00003e+00,	7.61096e-01
64.15079,	-1.00019e+00,	4.11243e-01,	-1.00003e+00,	7.60717e-01
64.40065,	-1.00019e+00,	4.15380e-01,	-1.00003e+00,	7.60349e-01
64.65153,	-1.00019e+00,	4.61145e-01,	-1.00003e+00,	7.59941e-01
64.90138,	-1.00019e+00,	4.56041e-01,	-1.00003e+00,	7.59577e-01
65.15124,	-1.00018e+00,	4.55486e-01,	-1.00003e+00,	7.59200e-01
65.4011,	-1.00018e+00,	4.43200e-01,	-1.00003e+00,	7.58813e-01
65.65198,	-1.00018e+00,	4.32137e-01,	-1.00003e+00,	7.58412e-01
65.90183,	-1.00018e+00,	4.18819e-01,	-1.00003e+00,	7.58067e-01
66.15169,	-1.00018e+00,	3.99494e-01,	-1.00003e+00,	7.57681e-01
66.40154,	-1.00018e+00,	4.14619e-01,	-1.00004e+00,	7.57254e-01
66.65242,	-1.00018e+00,	4.19149e-01,	-1.00003e+00,	7.56818e-01
66.90228,	-1.00018e+00,	4.09324e-01,	-1.00003e+00,	7.56427e-01
67.15214,	-1.00018e+00,	3.93431e-01,	-1.00003e+00,	7.56079e-01
67.40302,	-1.00018e+00,	3.79532e-01,	-1.00002e+00,	7.55724e-01
67.65287,	-1.00018e+00,	3.74979e-01,	-1.00002e+00,	7.55346e-01
67.90273,	-1.00018e+00,	4.28946e-01,	-1.00003e+00,	7.54952e-01
68.15258,	-1.00018e+00,	4.40045e-01,	-1.00003e+00,	7.54576e-01
68.40346,	-1.00018e+00,	4.39406e-01,	-1.00002e+00,	7.54207e-01
68.65332,	-1.00018e+00,	4.35236e-01,	-1.00002e+00,	7.53833e-01
68.90318,	-1.00017e+00,	4.19396e-01,	-1.00002e+00,	7.53435e-01
69.15406,	-1.00017e+00,	3.98549e-01,	-1.00002e+00,	7.53043e-01
69.40391,	-1.00017e+00,	3.89431e-01,	-1.00001e+00,	7.52680e-01
69.65377,	-1.00017e+00,	3.82939e-01,	-1.00002e+00,	7.52303e-01
69.90362,	-1.00018e+00,	3.70465e-01,	-1.00002e+00,	7.51963e-01
70.1737,	-1.00018e+00,	3.66142e-01,	-1.00001e+00,	7.51586e-01
70.423556,	-1.00018e+00,	3.61722e-01,	-1.00001e+00,	7.51219e-01
70.673412,	-1.00018e+00,	3.66419e-01,	-1.00001e+00,	7.50845e-01
70.923268,	-1.00018e+00,	3.87895e-01,	-1.00001e+00,	7.50471e-01
71.17415,	-1.00018e+00,	3.89161e-01,	-1.00001e+00,	7.50087e-01
71.424,	-1.00018e+00,	4.12663e-01,	-1.00001e+00,	7.49733e-01
71.67386,	-1.00018e+00,	4.17007e-01,	-1.00002e+00,	7.49347e-01
71.92474,	-1.00018e+00,	4.31856e-01,	-1.00002e+00,	7.48960e-01
72.1746,	-1.00017e+00,	4.35920e-01,	-1.00001e+00,	7.48588e-01
72.42445,	-1.00017e+00,	4.42149e-01,	-1.00001e+00,	7.48199e-01
72.67431,	-1.00017e+00,	4.41319e-01,	-1.00001e+00,	7.47818e-01
72.92519,	-1.00017e+00,	4.49605e-01,	-1.00001e+00,	7.47432e-01
73.17504,	-1.00017e+00,	4.52067e-01,	-1.00001e+00,	7.47204e-01
73.4249,	-1.00017e+00,	4.42577e-01,	-1.00001e+00,	7.46933e-01
73.67476,	-1.00017e+00,	4.34846e-01,	-1.00001e+00,	7.46570e-01
73.92564,	-1.00017e+00,	4.36861e-01,	-1.00001e+00,	7.46216e-01
74.17549,	-1.00017e+00,	4.33253e-01,	-1.00002e+00,	7.45835e-01
74.42535,	-1.00017e+00,	4.29098e-01,	-1.00001e+00,	7.45469e-01
74.67623,	-1.00017e+00,	4.19797e-01,	-1.00001e+00,	7.45127e-01
74.92608,	-1.00017e+00,	4.20094e-01,	-1.00000e+00,	7.44803e-01
75.17594,	-1.00017e+00,	4.22040e-01,	-1.00000e+00,	7.44455e-01
75.4258,	-1.00017e+00,	4.15431e-01,	-1.00000e+00,	7.44078e-01
75.67668,	-1.00017e+00,	4.17015e-01,	-1.00001e+00,	7.43690e-01
75.92653,	-1.00017e+00,	4.36197e-01,	-1.00001e+00,	7.43311e-01
76.17639,	-1.00017e+00,	4.33421e-01,	-1.00001e+00,	7.42946e-01
76.42624,	-1.00017e+00,	4.27400e-01,	-1.00001e+00,	7.42614e-01
76.67712,	-1.00017e+00,	4.31488e-01,	-1.00001e+00,	7.42228e-01
76.92698,	-1.00017e+00,	4.32952e-01,	-1.00001e+00,	7.41858e-01
77.17684,	-1.00017e+00,	4.36089e-01,	-1.00001e+00,	7.41447e-01
77.42772,	-1.00017e+00,	4.38254e-01,	-1.00000e+00,	7.41057e-01
77.67757,	-1.00017e+00,	4.39642e-01,	-1.00000e+00,	7.40685e-01
77.92743,	-1.00017e+00,	4.41270e-01,	-9.99998e-01,	7.40292e-01
78.17728,	-1.00017e+00,	4.36471e-01,	-9.99999e-01,	7.39921e-01
78.42816,	-1.00016e+00,	4.27711e-01,	-1.00000e+00,	7.39584e-01
78.67802,	-1.00016e+00,	4.37591e-01,	-1.00000e+00,	7.39235e-01
78.92788,	-1.00017e+00,	4.34303e-01,	-1.00000e+00,	7.38918e-01
79.17876,	-1.00016e+00,	4.26589e-01,	-1.00001e+00,	7.38555e-01
79.42861,	-1.00017e+00,	4.21859e-01,	-1.00000e+00,	7.38132e-01
79.67847,	-1.00017e+00,	4.19226e-01,	-1.00000e+00,	7.37778e-01
79.92832,	-1.00017e+00,	4.22018e-01,	-1.00000e+00,	7.37417e-01
80.1984,	-1.00017e+00,	4.19318e-01,	-1.00001e+00,	7.37015e-01
80.448256,	-1.00017e+00,	4.19995e-01,	-1.00001e+00,	7.36645e-01
80.698112,	-1.00017e+00,	4.23871e-01,	-1.00000e+00,	7.36277e-01
80.947968,	-1.00017e+00,	4.34289e-01,	-1.00000e+00,	7.36047e-01
81.19885,	-1.00017e+00,	4.33275e-01,	-1.00000e+00,	7.35685e-01
81.4487,	-1.00017e+00,	4.26649e-01,	-9.99995e-01,	7.35393e-01
81.69856,	-1.00017e+00,	4.29373e-01,	-9.99997e-01,	7.35069e-01
81.94944,	-1.00017e+00,	4.29653e-01,	-1.00000e+00,	7.34663e-01
82.1993,	-1.00017e+00,	4.26312e-01,	-1.00000e+00,	7.34375e-01
82.44915,	-1.00017e+00,	4.27722e-01,	-1.00000e+00,	7.34065e-01
82.69901,	-1.00017e+00,	4.34647e-01,	-1.00000e+00,	7.33730e-01
82.94989,	-1.00017e+00,	4.25757e-01,	-1.00000e+00,	7.33455e-01
83.19974,	-1.00017e+00,	4.33230e-01,	-9.99998e-01,	7.33163e-01
83.4496,	-1.00017e+00,	4.27770e-01,	-1.00000e+00,	7.32810e-01
83.69946,	-1.00017e+00,	4.28623e-01,	-1.00000e+00,	7.32437e-01
83.95034,	-1.00017e+00,	4.32208e-01,	-9.99997e-01,	7.32117e-01
84.20019,	-1.00016e+00,	4.31143e-01,	-9.99989e-01,	7.31807e-01
84.45005,	-1.00016e+00,	4.34495e-01,	-9.99988e-01,	7.31475e-01
84.70093,	-1.00017e+00,	4.33524e-01,	-9.99986e-01,	7.31134e-01
84.95078,	-1.00017e+00,	4.29380e-01,	-9.99983e-01,	7.30770e-01
85.20064,	-1.00018e+00,	4.27727e-01,	-9.99979e-01,	7.30433e-01
85.4505,	-1.00018e+00,	4.24416e-01,	-9.99975e-01,	7.30109e-01
85.70138,	-1.00018e+00,	4.24193e-01,	-9.99977e-01,	7.29810e-01
85.95123,	-1.00018e+00,	4.20113e-01,	-9.99975e-01,	7.29449e-01
86.20109,	-1.00017e+00,	4.24242e-01,	-9.99976e-01,	7.29146e-01
86.45197,	-1.00017e+00,	4.18944e-01,	-9.99976e-01,	7.28869e-01
86.70182,	-1.00017e+00,	4.16697e-01,	-9.99972e-01,	7.28487e-01
86.95168,	-1.00017e+00,	4.19766e-01,	-9.99972e-01,	7.28088e-01
87.20154,	-1.00017e+00,	4.19055e-01,	-9.99974e-01,	7.27715e-01
87.45242,	-1.00017e+00,	4.17413e-01,	-9.99979e-01,	7.27332e-01
87.70227,	-1.00017e+00,	4.18061e-01,	-9.99981e-01,	7.26992e-01
87.95213,	-1.00017e+00,	4.17686e-01,	-9.99979e-01,	7.26618e-01
88.20301,	-1.00018e+00,	4.23767e-01,	-9.99976e-01,	7.26296e-01
88.45286,	-1.00018e+00,	4.25742e-01,	-9.99977e-01,	7.26050e-01
88.70272,	-1.00017e+00,	4.22835e-01,	-9.99982e-01,	7.25736e-01
88.95258,	-1.00017e+00,	4.23642e-01,	-9.99983e-01,	7.25415e-01
89.20346,	-1.00017e+00,	4.25025e-01,	-9.99987e-01,	7.25064e-01
89.45331,	-1.00017e+00,	4.30636e-01,	-9.99984e-01,	7.24720e-01
89.70317,	-1.00016e+00,	4.29343e-01,	-9.99976e-01,	7.24367e-01
89.95302,	-1.00017e+00,	4.31750e-01,	-9.99975e-01,	7.24033e-01
90.2233,	-1.00017e+00,	4.33691e-01,	-9.99981e-01,	7.23647e-01
90.473156,	-1.00016e+00,	4.41854e-01,	-9.99988e-01,	7.23332e-01
90.723012,	-1.00016e+00,	4.45242e-01,	-9.99983e-01,	7.22992e-01
90.972868,	-1.00016e+00,	4.40808e-01,	-9.99981e-01,	7.22653e-01
91.22375,	-1.00016e+00,	4.43481e-01,	-9.99981e-01,	7.22327e-01
91.4736,	-1.00016e+00,	4.43169e-01,	-9.99985e-01,	7.21933e-01
91.72346,	-1.00016e+00,	4.31997e-01,	-9.99983e-01,	7.21553e-01
91.97434,	-1.00016e+00,	4.30313e-01,	-9.99981e-01,	7.21215e-01
92.2242,	-1.00016e+00,	4.30807e-01,	-9.99979e-01,	7.20941e-01
92.47405,	-1.00016e+00,	4.31879e-01,	-9.99980e-01,	7.20599e-01
92.72391,	-1.00016e+00,	4.32813e-01,	-9.99973e-01,	7.20207e-01
92.97479,	-1.00016e+00,	4.28107e-01,	-9.99967e-01,	7.19828e-01
93.22464,	-1.00015e+00,	4.27302e-01,	-9.99965e-01,	7.19516e-01
93.4745,	-1.00015e+00,	4.29041e-01,	-9.99965e-01,	7.19247e-01
93.72436,	-1.00015e+00,	4.31866e-01,	-9.99961e-01,	7.18926e-01
93.97524,	-1.00014e+00,	4.34579e-01,	-9.99960e-01,	7.18677e-01
94.22509,	-1.00014e+00,	4.34747e-01,	-9.99961e-01,	7.18328e-01
94.47495,	-1.00015e+00,	4.34140e-01,	-9.99962e-01,	7.17962e-01
94.72583,	-1.00015e+00,	4.34493e-01,	-9.99961e-01,	7.17675e-01
94.97568,	-1.00015e+00,	4.35659e-01,	-9.99957e-01,	7.17354e-01
95.22554,	-1.00015e+00,	4.35212e-01,	-9.99954e-01,	7.17023e-01
95.4754,	-1.00015e+00,	4.31906e-01,	-9.99962e-01,	7.16712e-01
95.72628,	-1.00015e+00,	4.32929e-01,	-9.99962e-01,	7.16389e-01
95.97613,	-1.00015e+00,	4.37670e-01,	-9.99963e-01,	7.16108e-01
96.22599,	-1.00015e+00,	4.39285e-01,	-9.99961e-01,	7.15825e-01
96.47584,	-1.00015e+00,	4.38906e-01,	-9.99962e-01,	7.15549e-01
96.72672,	-1.00015e+00,	4.44712e-01,	-9.99963e-01,	7.15377e-01
96.97658,	-1.00015e+00,	4.49317e-01,	-9.99962e-01,	7.15086e-01
97.22644,	-1.00015e+00,	4.49655e-01,	-9.99960e-01,	7.14752e-01
97.47732,	-1.00015e+00,	4.49797e-01,	-9.99959e-01,	7.14439e-01
97.72717,	-1.00016e+00,	4.50725e-01,	-9.99951e-01,	7.14096e-01
97.97703,	-1.00016e+00,	4.51977e-01,	-9.99954e-01,	7.13794e-01
98.22688,	-1.00016e+00,	4.51665e-01,	-9.99950e-01,	7.13498e-01
98.47776,	-1.00015e+00,	4.48860e-01,	-9.99952e-01,	7.13198e-01
98.72762,	-1.00015e+00,	4.47637e-01,	-9.99954e-01,	7.12915e-01
98.97748,	-1.00014e+00,	4.51448e-01,	-9.99955e-01,	7.12622e-01
99.22836,	-1.00014e+00,	4.53961e-01,	-9.99953e-01,	7.12283e-01
99.47821,	-1.00014e+00,	4.55062e-01,	-9.99953e-01,	7.11931e-01
99.72807,	-1.00014e+00,	4.53806e-01,	-9.99957e-01,	7.11617e-01
99.97792,	-1.00014e+00,	4.52411e-01,	-9.99951e-01,	7.11329e-01
100.248,	-1.00014e+00,	4.51208e-01,	-9.99945e-01,	7.11011e-01
100.497856,	-1.00014e+00,	4.51492e-01,	-9.99948e-01,	7.10692e-01
100.747712,	-1.00014e+00,	4.52283e-01,	-9.99943e-01,	7.10327e-01
100.997568,	-1.00014e+00,	4.47668e-01,	-9.99939e-01,	7.09923e-01
101.24845,	-1.00014e+00,	4.45191e-01,	-9.99941e-01,	7.09618e-01
101.4983,	-1.00013e+00,	4.43096e-01,	-9.99937e-01,	7.09321e-01
101.74816,	-1.00013e+00,	4.40553e-01,	-9.99933e-01,	7.09035e-01
101.99904,	-1.00012e+00,	4.41511e-01,	-9.99930e-01,	7.08817e-01
102.2489,	-1.00012e+00,	4.43828e-01,	-9.99929e-01,	7.08536e-01
102.49875,	-1.00013e+00,	4.43289e-01,	-9.99926e-01,	7.08221e-01
102.74861,	-1.00013e+00,	4.45066e-01,	-9.99926e-01,	7.07912e-01
102.99949,	-1.00012e+00,	4.44991e-01,	-9.99924e-01,	7.07598e-01
103.24934,	-1.00012e+00,	4.47215e-01,	-9.99920e-01,	7.07412e-01
103.4992,	-1.00012e+00,	4.48962e-01,	-9.99919e-01,	7.07157e-01
103.74906,	-1.00012e+00,	4.47792e-01,	-9.99925e-01,	7.06836e-01
103.99994,	-1.00012e+00,	4.47266e-01,	-9.99928e-01,	7.06500e-01
104.24979,	-1.00012e+00,	4.48139e-01,	-9.99928e-01,	7.06148e-01
104.49965,	-1.00012e+00,	4.48493e-01,	-9.99926e-01,	7.05726e-01
104.75053,	-1.00012e+00,	4.47272e-01,	-9.99929e-01,	7.05379e-01
105.00038,	-1.00011e+00,	4.45591e-01,	-9.99930e-01,	7.05015e-01
105.25024,	-1.00011e+00,	4.45673e-01,	-9.99932e-01,	7.04708e-01
105.5001,	-1.00011e+00,	4.46312e-01,	-9.99928e-01,	7.04378e-01
105.75098,	-1.00010e+00,	4.48654e-01,	-9.99932e-01,	7.04067e-01
106.00083,	-1.00010e+00,	4.47681e-01,	-9.99934e-01,	7.03699e-01
106.25069,	-1.00010e+00,	4.47058e-01,	-9.99936e-01,	7.03338e-01
106.50054,	-1.00011e+00,	4.48485e-01,	-9.99938e-01,	7.03050e-01
106.75142,	-1.00011e+00,	4.50080e-01,	-9.99938e-01,	7.02759e-01
107.00128,	-1.00012e+00,	4.49186e-01,	-9.99936e-01,	7.02370e-01
107.25114,	-1.00012e+00,	4.47680e-01,	-9.99931e-01,	7.02082e-01
107.50202,	-1.00013e+00,	4.49691e-01,	-9.99929e-01,	7.01807e-01
107.75187,	-1.00013e+00,	4.45084e-01,	-9.99925e-01,	7.01408e-01
108.00173,	-1.00013e+00,	4.44711e-01,	-9.99925e-01,	7.00962e-01
108.25158,	-1.00012e+00,	4.45204e-01,	-9.99925e-01,	7.00502e-01
108.50246,	-1.00012e+00,	4.44611e-01,	-9.99922e-01,	7.00133e-01
108.75232,	-1.00011e+00,	4.41889e-01,	-9.99921e-01,	6.99856e-01
109.00218,	-1.00011e+00,	4.40354e-01,	-9.99921e-01,	6.99565e-01
109.25306,	-1.00011e+00,	4.40071e-01,	-9.99925e-01,	6.99253e-01
109.50291,	-1.00010e+00,	4.40564e-01,	-9.99926e-01,	6.98927e-01
109.75277,	-1.00010e+00,	4.39345e-01,	-9.99925e-01,	6.98630e-01
110.00262,	-1.00010e+00,	4.39749e-01,	-9.99925e-01,	6.98311e-01
110.273,	-1.00011e+00,	4.37789e-01,	-9.99923e-01,	6.97958e-01
110.522856,	-1.00011e+00,	4.38554e-01,	-9.99921e-01,	6.97652e-01
110.772712,	-1.00011e+00,	4.38163e-01,	-9.99924e-01,	6.97339e-01
111.022568,	-1.00011e+00,	4.37672e-01,	-9.99924e-01,	6.96991e-01
111.27345,	-1.00011e+00,	4.36156e-01,	-9.99918e-01,	6.96650e-01
111.5233,	-1.00011e+00,	4.37576e-01,	-9.99918e-01,	6.96340e-01
111.77316,	-1.00012e+00,	4.38247e-01,	-9.99923e-01,	6.95994e-01
112.02404,	-1.00012e+00,	4.44289e-01,	-9.99925e-01,	6.95696e-01
112.2739,	-1.00012e+00,	4.41698e-01,	-9.99923e-01,	6.95423e-01
112.52375,	-1.00011e+00,	4.38553e-01,	-9.99919e-01,	6.95094e-01
112.77361,	-1.00011e+00,	4.36131e-01,	-9.99917e-01,	6.94707e-01
113.02449,	-1.00012e+00,	4.40997e-01,	-9.99920e-01,	6.94480e-01
113.27434,	-1.00012e+00,	4.40642e-01,	-9.99921e-01,	6.94226e-01
113.5242,	-1.00012e+00,	4.43430e-01,	-9.99920e-01,	6.93944e-01
113.77406,	-1.00011e+00,	4.41224e-01,	-9.99920e-01,	6.93697e-01
114.02494,	-1.00011e+00,	4.40882e-01,	-9.99919e-01,	6.93423e-01
114.27479,	-1.00011e+00,	4.38356e-01,	-9.99915e-01,	6.93113e-01
114.52465,	-1.00011e+00,	4.36860e-01,	-9.99916e-01,	6.92817e-01
114.77553,	-1.00011e+00,	4.35423e-01,	-9.99907e-01,	6.92553e-01
115.02538,	-1.00011e+00,	4.36237e-01,	-9.99908e-01,	6.92122e-01
115.27524,	-1.00010e+00,	4.34656e-01,	-9.99910e-01,	6.91755e-01
115.5251,	-1.00010e+00,	4.34589e-01,	-9.99916e-01,	6.91451e-01
115.77598,	-1.00010e+00,	4.34775e-01,	-9.99918e-01,	6.91325e-01
116.02583,	-1.00011e+00,	4.32688e-01,	-9.99916e-01,	6.91061e-01
116.27569,	-1.00010e+00,	4.32850e-01,	-9.99911e-01,	6.90811e-01
116.52657,	-1.00010e+00,	4.31733e-01,	-9.99910e-01,	6.90499e-01
116.77642,	-1.00010e+00,	4.30438e-01,	-9.99912e-01,	6.90308e-01
117.02628,	-1.00010e+00,	4.31025e-01,	-9.99913e-01,	6.90172e-01
117.27614,	-1.00011e+00,	4.31586e-01,	-9.99914e-01,	6.89941e-01
117.52702,	-1.00011e+00,	4.29839e-01,	-9.99912e-01,	6.89696e-01
117.77687,	-1.00011e+00,	4.30238e-01,	-9.99911e-01,	6.89740e-01
118.02673,	-1.00011e+00,	4.29296e-01,	-9.99908e-01,	6.90052e-01
118.27761,	-1.00010e+00,	4.29219e-01,	-9.99907e-01,	6.89861e-01
118.52746,	-1.00010e+00,	4.30276e-01,	-9.99903e-01,	6.89583e-01
118.77732,	-1.00010e+00,	4.33478e-01,	-9.99905e-01,	6.89288e-01
119.02718,	-1.00010e+00,	4.33780e-01,	-9.99906e-01,	6.89005e-01
119.27806,	-1.00009e+00,	4.31837e-01,	-9.99906e-01,	6.88724e-01
119.52791,	-1.00009e+00,	4.28484e-01,	-9.99906e-01,	6.88463e-01
119.77777,	-1.00010e+00,	4.29522e-01,	-9.99905e-01,	6.88235e-01
120.02762,	-1.00010e+00,	4.30074e-01,	-9.99905e-01,	6.87957e-01
120.298,	-1.00010e+00,	4.27136e-01,	-9.99906e-01,	6.87655e-01
120.547856,	-1.00010e+00,	4.25586e-01,	-9.99900e-01,	6.87376e-01
120.797712,	-1.00010e+00,	4.28842e-01,	-9.99902e-01,	6.87091e-01
121.047568,	-1.00010e+00,	4.28522e-01,	-9.99899e-01,	6.86807e-01
121.29845,	-1.00010e+00,	4.26545e-01,	-9.99900e-01,	6.86535e-01
121.5483,	-1.00009e+00,	4.25687e-01,	-9.99902e-01,	6.86231e-01
121.79816,	-1.00009e+00,	4.24454e-01,	-9.99904e-01,	6.85923e-01
122.04904,	-1.00009e+00,	4.23430e-01,	-9.99903e-01,	6.85658e-01
122.2989,	-1.00010e+00,	4.24389e-01,	-9.99904e-01,	6.85367e-01
122.54875,	-1.00010e+00,	4.29054e-01,	-9.99907e-01,	6.85042e-01
122.79861,	-1.00010e+00,	4.26149e-01,	-9.99901e-01,	6.84739e-01
123.04949,	-1.00010e+00,	4.22823e-01,	-9.99908e-01,	6.84470e-01
123.29934,	-1.00009e+00,	4.21486e-01,	-9.99906e-01,	6.84204e-01
123.5492,	-1.00010e+00,	4.18860e-01,	-9.99903e-01,	6.83932e-01
123.79906,	-1.00010e+00,	4.15653e-01,	-9.99899e-01,	6.83635e-01
124.04994,	-1.00010e+00,	4.15466e-01,	-9.99896e-01,	6.83376e-01
124.29979,	-1.00010e+00,	4.17856e-01,	-9.99894e-01,	6.83106e-01
124.54965,	-1.00010e+00,	4.15536e-01,	-9.99893e-01,	6.82848e-01
124.80053,	-1.00010e+00,	4.12125e-01,	-9.99890e-01,	6.82609e-01
125.05038,	-1.00010e+00,	4.09560e-01,	-9.99889e-01,	6.82373e-01
125.30024,	-1.00010e+00,	4.08108e-01,	-9.99884e-01,	6.82094e-01
125.5501,	-1.00010e+00,	4.08696e-01,	-9.99885e-01,	6.81825e-01
125.80098,	-1.00010e+00,	4.09126e-01,	-9.99890e-01,	6.81590e-01
126.05083,	-1.00011e+00,	4.09645e-01,	-9.99889e-01,	6.81294e-01
126.30069,	-1.00011e+00,	4.07885e-01,	-9.99885e-01,	6.81026e-01
126.55054,	-1.00010e+00,	4.06782e-01,	-9.99880e-01,	6.80773e-01
126.80142,	-1.00010e+00,	4.07375e-01,	-9.99882e-01,	6.80502e-01
127.05128,	-1.00011e+00,	4.07619e-01,	-9.99880e-01,	6.80226e-01
127.30114,	-1.00010e+00,	4.06137e-01,	-9.99879e-01,	6.79925e-01
127.55202,	-1.00011e+00,	4.09234e-01,	-9.99874e-01,	6.79617e-01
127.80187,	-1.00011e+00,	4.09915e-01,	-9.99872e-01,	6.79303e-01
128.05173,	-1.00011e+00,	4.11490e-01,	-9.99871e-01,	6.79012e-01
128.30158,	-1.00011e+00,	4.12127e-01,	-9.99874e-01,	6.78748e-01
128.55246,	-1.00011e+00,	4.10961e-01,	-9.99874e-01,	6.78445e-01
128.80232,	-1.00012e+00,	4.11929e-01,	-9.99872e-01,	6.78133e-01
129.05218,	-1.00011e+00,	4.14418e-01,	-9.99873e-01,	6.77786e-01
129.30306,	-1.00011e+00,	4.14366e-01,	-9.99876e-01,	6.77490e-01
129.55291,	-1.00012e+00,	4.17139e-01,	-9.99874e-01,	6.77246e-01
129.80277,	-1.00012e+00,	4.15958e-01,	-9.99878e-01,	6.77002e-01
130.05262,	-1.00012e+00,	4.16778e-01,	-9.99880e-01,	6.76739e-01
130.323,	-1.00012e+00,	4.18298e-01,	-9.99882e-01,	6.76434e-01
130.572856,	-1.00011e+00,	4.15417e-01,	-9.99882e-01,	6.76162e-01
130.822712,	-1.00011e+00,	4.15682e-01,	-9.99880e-01,	6.75906e-01
131.072568,	-1.00011e+00,	4.17242e-01,	-9.99875e-01,	6.75674e-01
131.32345,	-1.00011e+00,	4.17646e-01,	-9.99872e-01,	6.75407e-01
131.5733,	-1.00011e+00,	4.18566e-01,	-9.99874e-01,	6.75144e-01
131.82316,	-1.00011e+00,	4.18438e-01,	-9.99873e-01,	6.74891e-01
132.07404,	-1.00010e+00,	4.17944e-01,	-9.99873e-01,	6.74660e-01
132.3239,	-1.00010e+00,	4.17822e-01,	-9.99881e-01,	6.74408e-01
132.57375,	-1.00010e+00,	4.16786e-01,	-9.99880e-01,	6.74156e-01
132.82361,	-1.00010e+00,	4.15217e-01,	-9.99882e-01,	6.73928e-01
133.07449,	-1.00011e+00,	4.14518e-01,	-9.99879e-01,	6.73689e-01
133.32434,	-1.00010e+00,	4.16418e-01,	-9.99878e-01,	6.73428e-01
133.5742,	-1.00010e+00,	4.15985e-01,	-9.99879e-01,	6.73177e-01
133.82406,	-1.00010e+00,	4.16263e-01,	-9.99882e-01,	6.72922e-01
134.07494,	-1.00010e+00,	4.15664e-01,	-9.99883e-01,	6.72698e-01
134.32479,	-1.00009e+00,	4.15865e-01,	-9.99881e-01,	6.72476e-01
134.57465,	-1.00009e+00,	4.14210e-01,	-9.99876e-01,	6.72246e-01
134.82553,	-1.00009e+00,	4.11135e-01,	-9.99875e-01,	6.72029e-01
135.07538,	-1.00009e+00,	4.10123e-01,	-9.99874e-01,	6.71738e-01
135.32524,	-1.00009e+00,	4.07887e-01,	-9.99879e-01,	6.71416e-01
135.5751,	-1.00009e+00,	4.08114e-01,	-9.99872e-01,	6.71112e-01
135.82598,	-1.00010e+00,	4.07474e-01,	-9.99871e-01,	6.70814e-01
136.07583,	-1.00009e+00,	4.07472e-01,	-9.99870e-01,	6.70541e-01
136.32569,	-1.00010e+00,	4.08269e-01,	-9.99870e-01,	6.70205e-01
136.57554,	-1.00010e+00,	4.09619e-01,	-9.99875e-01,	6.69851e-01
136.82642,	-1.00010e+00,	4.10214e-01,	-9.99875e-01,	6.69459e-01
137.07628,	-1.00010e+00,	4.07169e-01,	-9.99877e-01,	6.69203e-01
137.32614,	-1.00010e+00,	4.08143e-01,	-9.99879e-01,	6.68929e-01
137.57702,	-1.00010e+00,	4.08589e-01,	-9.99879e-01,	6.68681e-01
137.82687,	-1.00010e+00,	4.06560e-01,	-9.99881e-01,	6.68357e-01
138.07673,	-1.00009e+00,	4.06478e-01,	-9.99879e-01,	6.68095e-01
138.32658,	-1.00009e+00,	4.04782e-01,	-9.99876e-01,	6.67733e-01
138.57746,	-1.00009e+00,	4.03426e-01,	-9.99873e-01,	6.67375e-01
138.82732,	-1.00009e+00,	4.05314e-01,	-9.99868e-01,	6.67142e-01
139.07718,	-1.00009e+00,	4.04934e-01,	-9.99867e-01,	6.66849e-01
139.32806,	-1.00009e+00,	4.03841e-01,	-9.99866e-01,	6.66602e-01
139.57791,	-1.00009e+00,	4.02784e-01,	-9.99866e-01,	6.66382e-01
139.82777,	-1.00009e+00,	4.00616e-01,	-9.99871e-01,	6.66278e-01
140.07762,	-1.00009e+00,	3.98578e-01,	-9.99871e-01,	6.66054e-01
140.348,	-1.00010e+00,	3.99754e-01,	-9.99867e-01,	6.65769e-01
140.597856,	-1.00009e+00,	3.97239e-01,	-9.99867e-01,	6.65489e-01
140.847712,	-1.00009e+00,	3.95373e-01,	-9.99866e-01,	6.65257e-01
141.097568,	-1.00009e+00,	3.97900e-01,	-9.99870e-01,	6.65055e-01
141.34845,	-1.00009e+00,	3.96724e-01,	-9.99864e-01,	6.64842e-01
141.5983,	-1.00008e+00,	3.98297e-01,	-9.99868e-01,	6.64621e-01
141.84816,	-1.00007e+00,	4.01320e-01,	-9.99870e-01,	6.64417e-01
142.09904,	-1.00007e+00,	3.99119e-01,	-9.99872e-01,	6.64191e-01
142.3489,	-1.00007e+00,	3.99477e-01,	-9.99866e-01,	6.63989e-01
142.59875,	-1.00007e+00,	4.03052e-01,	-9.99863e-01,	6.63785e-01
142.84861,	-1.00008e+00,	4.04969e-01,	-9.99861e-01,	6.63603e-01
143.09949,	-1.00008e+00,	4.00261e-01,	-9.99869e-01,	6.63434e-01
143.34934,	-1.00008e+00,	3.98236e-01,	-9.99869e-01,	6.63225e-01
143.5992,	-1.00009e+00,	3.98502e-01,	-9.99861e-01,	6.63039e-01
143.84906,	-1.00008e+00,	3.97887e-01,	-9.99858e-01,	6.62860e-01
144.09994,	-1.00008e+00,	3.97727e-01,	-9.99863e-01,	6.62659e-01
144.34979,	-1.00008e+00,	3.97338e-01,	-9.99856e-01,	6.62480e-01
144.59965,	-1.00009e+00,	3.99703e-01,	-9.99854e-01,	6.62297e-01
144.85053,	-1.00009e+00,	3.97756e-01,	-9.99854e-01,	6.62059e-01
145.10038,	-1.00009e+00,	3.97443e-01,	-9.99850e-01,	6.61851e-01
145.35024,	-1.00009e+00,	3.99746e-01,	-9.99852e-01,	6.61672e-01
145.6001,	-1.00009e+00,	4.00390e-01,	-9.99850e-01,	6.61511e-01
145.85098,	-1.00009e+00,	4.02411e-01,	-9.99848e-01,	6.61372e-01
146.10083,	-1.00009e+00,	4.02897e-01,	-9.99847e-01,	6.61198e-01
146.35069,	-1.00008e+00,	4.04110e-01,	-9.99841e-01,	6.61036e-01
146.60157,	-1.00008e+00,	4.08760e-01,	-9.99843e-01,	6.60833e-01
146.85142,	-1.00008e+00,	4.05915e-01,	-9.99844e-01,	6.60571e-01
147.10128,	-1.00008e+00,	4.03831e-01,	-9.99839e-01,	6.59975e-01
147.35114,	-1.00008e+00,	4.04474e-01,	-9.99835e-01,	6.59728e-01
147.60202,	-1.00008e+00,	4.03125e-01,	-9.99838e-01,	6.59623e-01
147.85187,	-1.00009e+00,	4.02375e-01,	-9.99845e-01,	6.59403e-01
148.10173,	-1.00008e+00,	4.04089e-01,	-9.99844e-01,	6.59158e-01
148.35158,	-1.00008e+00,	4.04480e-01,	-9.99842e-01,	6.58906e-01
148.60246,	-1.00008e+00,	4.07239e-01,	-9.99844e-01,	6.58680e-01
148.85232,	-1.00008e+00,	4.07657e-01,	-9.99841e-01,	6.58466e-01
149.10218,	-1.00008e+00,	4.08780e-01,	-9.99841e-01,	6.58248e-01
149.35306,	-1.00008e+00,	4.08322e-01,	-9.99845e-01,	6.57995e-01
149.60291,	-1.00009e+00,	4.07145e-01,	-9.99846e-01,	6.57743e-01
149.85277,	-1.00008e+00,	4.04875e-01,	-9.99851e-01,	6.57452e-01
150.10262,	-1.00008e+00,	4.05426e-01,	-9.99851e-01,	6.57172e-01
150.373,	-1.00008e+00,	4.07776e-01,	-9.99847e-01,	6.56878e-01
150.622856,	-1.00008e+00,	4.06666e-01,	-9.99846e-01,	6.56663e-01
150.872712,	-1.00009e+00,	4.04077e-01,	-9.99841e-01,	6.56425e-01
151.122568,	-1.00008e+00,	4.03454e-01,	-9.99848e-01,	6.56163e-01
151.37345,	-1.00008e+00,	4.04593e-01,	-9.99846e-01,	6.55909e-01
151.6233,	-1.00008e+00,	4.03351e-01,	-9.99843e-01,	6.55687e-01
151.87316,	-1.00009e+00,	4.02867e-01,	-9.99846e-01,	6.55434e-01
152.12302,	-1.00009e+00,	4.02013e-01,	-9.99846e-01,	6.55143e-01
152.3739,	-1.00008e+00,	4.00181e-01,	-9.99846e-01,	6.54804e-01
152.62375,	-1.00008e+00,	3.99817e-01,	-9.99842e-01,	6.54463e-01
152.87361,	-1.00009e+00,	3.99412e-01,	-9.99837e-01,	6.54170e-01
153.12449,	-1.00009e+00,	3.99265e-01,	-9.99835e-01,	6.53883e-01
153.37434,	-1.00009e+00,	4.00424e-01,	-9.99837e-01,	6.53600e-01
153.6242,	-1.00008e+00,	4.03690e-01,	-9.99843e-01,	6.53307e-01
153.87406,	-1.00008e+00,	4.03800e-01,	-9.99835e-01,	6.52978e-01
154.12494,	-1.00008e+00,	4.02848e-01,	-9.99837e-01,	6.52675e-01
154.37479,	-1.00008e+00,	4.04418e-01,	-9.99838e-01,	6.52406e-01
154.62465,	-1.00008e+00,	4.03130e-01,	-9.99837e-01,	6.52148e-01
154.87553,	-1.00008e+00,	4.02668e-01,	-9.99834e-01,	6.51872e-01
155.12538,	-1.00008e+00,	4.05256e-01,	-9.99835e-01,	6.51610e-01
155.37524,	-1.00008e+00,	4.07230e-01,	-9.99832e-01,	6.51368e-01
155.6251,	-1.00008e+00,	4.07084e-01,	-9.99833e-01,	6.51025e-01
155.87598,	-1.00007e+00,	4.09925e-01,	-9.99833e-01,	6.50732e-01
156.12583,	-1.00007e+00,	4.14408e-01,	-9.99826e-01,	6.50419e-01
156.37569,	-1.00007e+00,	4.14583e-01,	-9.99829e-01,	6.50102e-01
156.62657,	-1.00008e+00,	4.13991e-01,	-9.99827e-01,	6.49779e-01
156.87642,	-1.00008e+00,	4.14428e-01,	-9.99823e-01,	6.49414e-01
157.12628,	-1.00008e+00,	4.16345e-01,	-9.99819e-01,	6.49168e-01
157.37614,	-1.00008e+00,	4.17652e-01,	-9.99823e-01,	6.48972e-01
157.62702,	-1.00008e+00,	4.14392e-01,	-9.99826e-01,	6.48768e-01
157.87687,	-1.00008e+00,	4.17335e-01,	-9.99830e-01,	6.48531e-01
158.12673,	-1.00008e+00,	4.16531e-01,	-9.99837e-01,	6.48310e-01
158.37658,	-1.00008e+00,	4.16774e-01,	-9.99840e-01,	6.48138e-01
158.62746,	-1.00008e+00,	4.16820e-01,	-9.99841e-01,	6.47980e-01
158.87732,	-1.00008e+00,	4.17478e-01,	-9.99842e-01,	6.47760e-01
159.12718,	-1.00008e+00,	4.17783e-01,	-9.99845e-01,	6.47515e-01
159.37806,	-1.00009e+00,	4.16230e-01,	-9.99848e-01,	6.47195e-01
159.62791,	-1.00009e+00,	4.15756e-01,	-9.99844e-01,	6.46896e-01
159.87777,	-1.00009e+00,	4.16866e-01,	-9.99839e-01,	6.46780e-01
160.12762,	-1.00009e+00,	4.15395e-01,	-9.99834e-01,	6.46509e-01
160.397,	-1.00009e+00,	4.14979e-01,	-9.99834e-01,	6.46236e-01
160.646856,	-1.00009e+00,	4.14258e-01,	-9.99832e-01,	6.46004e-01
160.896712,	-1.00009e+00,	4.15753e-01,	-9.99833e-01,	6.45757e-01
161.146568,	-1.00009e+00,	4.17705e-01,	-9.99829e-01,	6.45523e-01
161.39745,	-1.00008e+00,	4.18432e-01,	-9.99826e-01,	6.45276e-01
161.6473,	-1.00008e+00,	4.19150e-01,	-9.99824e-01,	6.44985e-01
161.89716,	-1.00008e+00,	4.20926e-01,	-9.99826e-01,	6.44759e-01
162.14804,	-1.00008e+00,	4.21251e-01,	-9.99830e-01,	6.44527e-01
162.3979,	-1.00009e+00,	4.22103e-01,	-9.99832e-01,	6.44274e-01
162.64775,	-1.00009e+00,	4.22037e-01,	-9.99833e-01,	6.43933e-01
162.89761,	-1.00009e+00,	4.20967e-01,	-9.99831e-01,	6.43734e-01
163.14849,	-1.00008e+00,	4.25272e-01,	-9.99831e-01,	6.43479e-01
163.39834,	-1.00009e+00,	4.25423e-01,	-9.99825e-01,	6.43216e-01
163.6482,	-1.00009e+00,	4.25679e-01,	-9.99825e-01,	6.43008e-01
163.89806,	-1.00009e+00,	4.25739e-01,	-9.99826e-01,	6.42727e-01
164.14894,	-1.00009e+00,	4.24703e-01,	-9.99820e-01,	6.42451e-01
164.39879,	-1.00009e+00,	4.24576e-01,	-9.99819e-01,	6.42207e-01
164.64865,	-1.00009e+00,	4.25286e-01,	-9.99821e-01,	6.41952e-01
164.89953,	-1.00009e+00,	4.26881e-01,	-9.99816e-01,	6.41665e-01
165.14938,	-1.00009e+00,	4.27971e-01,	-9.99817e-01,	6.41346e-01
165.39924,	-1.00010e+00,	4.30231e-01,	-9.99813e-01,	6.41078e-01
165.6491,	-1.00010e+00,	4.30445e-01,	-9.99816e-01,	6.40841e-01
165.89998,	-1.00009e+00,	4.28101e-01,	-9.99820e-01,	6.40552e-01
166.14983,	-1.00009e+00,	4.27890e-01,	-9.99818e-01,	6.40293e-01
166.39969,	-1.00009e+00,	4.27990e-01,	-9.99815e-01,	6.40037e-01
166.65057,	-1.00010e+00,	4.28813e-01,	-9.99813e-01,	6.39813e-01
166.90042,	-1.00009e+00,	4.27465e-01,	-9.99819e-01,	6.39634e-01
167.15028,	-1.00009e+00,	4.26038e-01,	-9.99819e-01,	6.39324e-01
167.40014,	-1.00008e+00,	4.25514e-01,	-9.99819e-01,	6.38999e-01
167.65102,	-1.00008e+00,	4.24899e-01,	-9.99821e-01,	6.38753e-01
167.90087,	-1.00009e+00,	4.24126e-01,	-9.99820e-01,	6.38414e-01
168.15073,	-1.00009e+00,	4.22366e-01,	-9.99820e-01,	6.38145e-01
168.40058,	-1.00009e+00,	4.24247e-01,	-9.99820e-01,	6.37916e-01
168.65146,	-1.00009e+00,	4.25300e-01,	-9.99824e-01,	6.37655e-01
168.90132,	-1.00009e+00,	4.26276e-01,	-9.99827e-01,	6.37370e-01
169.15118,	-1.00009e+00,	4.25521e-01,	-9.99826e-01,	6.37032e-01
169.40206,	-1.00010e+00,	4.28309e-01,	-9.99828e-01,	6.36749e-01
169.65191,	-1.00009e+00,	4.29126e-01,	-9.99824e-01,	6.36530e-01
169.90177,	-1.00009e+00,	4.25471e-01,	-9.99823e-01,	6.36292e-01
170.15162,	-1.00009e+00,	4.23975e-01,	-9.99823e-01,	6.36042e-01
170.422,	-1.00009e+00,	4.23431e-01,	-9.99820e-01,	6.35852e-01
170.671856,	-1.00008e+00,	4.24371e-01,	-9.99813e-01,	6.35706e-01
170.921712,	-1.00008e+00,	4.24896e-01,	-9.99813e-01,	6.35531e-01
171.171568,	-1.00008e+00,	4.24919e-01,	-9.99816e-01,	6.35295e-01
171.42245,	-1.00008e+00,	4.25476e-01,	-9.99816e-01,	6.35086e-01
171.6723,	-1.00008e+00,	4.24240e-01,	-9.99813e-01,	6.34890e-01
171.92216,	-1.00008e+00,	4.25640e-01,	-9.99814e-01,	6.34815e-01
172.17304,	-1.00009e+00,	4.24230e-01,	-9.99814e-01,	6.34670e-01
172.4229,	-1.00009e+00,	4.22442e-01,	-9.99814e-01,	6.34471e-01
172.67275,	-1.00009e+00,	4.22193e-01,	-9.99810e-01,	6.34194e-01
172.92261,	-1.00009e+00,	4.23160e-01,	-9.99812e-01,	6.33949e-01
173.17349,	-1.00009e+00,	4.22120e-01,	-9.99811e-01,	6.33711e-01
173.42334,	-1.00009e+00,	4.21216e-01,	-9.99813e-01,	6.33496e-01
173.6732,	-1.00009e+00,	4.20748e-01,	-9.99814e-01,	6.33276e-01
173.92306,	-1.00009e+00,	4.20718e-01,	-9.99810e-01,	6.33043e-01
174.17394,	-1.00008e+00,	4.19171e-01,	-9.99809e-01,	6.32807e-01
174.42379,	-1.00008e+00,	4.21223e-01,	-9.99809e-01,	6.32519e-01
174.67365,	-1.00008e+00,	4.22432e-01,	-9.99811e-01,	6.32245e-01
174.92453,	-1.00008e+00,	4.23274e-01,	-9.99814e-01,	6.31941e-01
175.17438,	-1.00008e+00,	4.22323e-01,	-9.99819e-01,	6.31562e-01
175.42424,	-1.00008e+00,	4.20530e-01,	-9.99816e-01,	6.31188e-01
175.6741,	-1.00008e+00,	4.20890e-01,	-9.99818e-01,	6.30920e-01
175.92498,	-1.00008e+00,	4.19592e-01,	-9.99817e-01,	6.30688e-01
176.17483,	-1.00008e+00,	4.19976e-01,	-9.99812e-01,	6.30332e-01
176.42469,	-1.00008e+00,	4.20673e-01,	-9.99810e-01,	6.30023e-01
176.67557,	-1.00008e+00,	4.20549e-01,	-9.99814e-01,	6.29761e-01
176.92542,	-1.00008e+00,	4.20442e-01,	-9.99811e-01,	6.29440e-01
177.17528,	-1.00008e+00,	4.19144e-01,	-9.99807e-01,	6.29189e-01
177.42514,	-1.00008e+00,	4.20096e-01,	-9.99809e-01,	6.28962e-01
177.67602,	-1.00007e+00,	4.19766e-01,	-9.99808e-01,	6.28728e-01
177.92587,	-1.00007e+00,	4.18862e-01,	-9.99805e-01,	6.28530e-01
178.17573,	-1.00007e+00,	4.18211e-01,	-9.99805e-01,	6.28259e-01
178.42558,	-1.00007e+00,	4.18114e-01,	-9.99808e-01,	6.28018e-01
178.67646,	-1.00008e+00,	4.20066e-01,	-9.99808e-01,	6.27757e-01
178.92632,	-1.00008e+00,	4.20574e-01,	-9.99805e-01,	6.27541e-01
179.17618,	-1.00007e+00,	4.20202e-01,	-9.99809e-01,	6.27305e-01
179.42706,	-1.00007e+00,	4.20645e-01,	-9.99810e-01,	6.27070e-01
179.67691,	-1.00007e+00,	4.22087e-01,	-9.99810e-01,	6.26817e-01
179.92677,	-1.00008e+00,	4.20250e-01,	-9.99812e-01,	6.26634e-01
180.17662,	-1.00008e+00,	4.19302e-01,	-9.99809e-01,	6.26435e-01
180.447,	-1.00008e+00,	4.18335e-01,	-9.99814e-01,	6.26201e-01
180.696856,	-1.00009e+00,	4.17882e-01,	-9.99812e-01,	6.25975e-01
180.946712,	-1.00009e+00,	4.15768e-01,	-9.99812e-01,	6.25761e-01
181.196568,	-1.00008e+00,	4.15726e-01,	-9.99811e-01,	6.25606e-01
181.44745,	-1.00009e+00,	4.13327e-01,	-9.99802e-01,	6.25501e-01
181.6973,	-1.00009e+00,	4.01930e-01,	-9.99802e-01,	6.25332e-01
181.94716,	-1.00008e+00,	3.91193e-01,	-9.99802e-01,	6.25106e-01
182.19702,	-1.00008e+00,	3.75411e-01,	-9.99803e-01,	6.24863e-01
182.4479,	-1.00008e+00,	3.73205e-01,	-9.99802e-01,	6.24513e-01
182.69775,	-1.00008e+00,	3.68753e-01,	-9.99802e-01,	6.24283e-01
182.94761,	-1.00009e+00,	3.68285e-01,	-9.99799e-01,	6.24121e-01
183.19849,	-1.00009e+00,	3.65074e-01,	-9.99797e-01,	6.23807e-01
183.44834,	-1.00009e+00,	3.66031e-01,	-9.99796e-01,	6.23554e-01
183.6982,	-1.00009e+00,	3.64751e-01,	-9.99798e-01,	6.23385e-01
183.94806,	-1.00009e+00,	3.65034e-01,	-9.99800e-01,	6.23172e-01
184.19894,	-1.00009e+00,	3.66228e-01,	-9.99807e-01,	6.22916e-01
184.44879,	-1.00009e+00,	3.64822e-01,	-9.99803e-01,	6.22682e-01
184.69865,	-1.00009e+00,	3.64542e-01,	-9.99809e-01,	6.22445e-01
184.94953,	-1.00008e+00,	3.62313e-01,	-9.99811e-01,	6.22245e-01
185.19938,	-1.00009e+00,	3.58478e-01,	-9.99807e-01,	6.22046e-01
185.44924,	-1.00009e+00,	3.59457e-01,	-9.99804e-01,	6.21830e-01
185.6991,	-1.00009e+00,	3.61941e-01,	-9.99802e-01,	6.21640e-01
185.94998,	-1.00009e+00,	3.61049e-01,	-9.99794e-01,	6.21474e-01
186.19983,	-1.00009e+00,	3.61421e-01,	-9.99795e-01,	6.21288e-01
186.44969,	-1.00009e+00,	3.58077e-01,	-9.99799e-01,	6.21074e-01
186.69954,	-1.00009e+00,	3.57774e-01,	-9.99804e-01,	6.20876e-01
186.95042,	-1.00009e+00,	3.57506e-01,	-9.99804e-01,	6.20709e-01
187.20028,	-1.00009e+00,	3.52715e-01,	-9.99801e-01,	6.20554e-01
187.45014,	-1.00009e+00,	3.53263e-01,	-9.99800e-01,	6.20367e-01
187.70102,	-1.00009e+00,	3.53941e-01,	-9.99800e-01,	6.20159e-01
187.95087,	-1.00009e+00,	3.53663e-01,	-9.99797e-01,	6.19984e-01
188.20073,	-1.00009e+00,	3.56090e-01,	-9.99797e-01,	6.19823e-01
188.45058,	-1.00008e+00,	3.53179e-01,	-9.99799e-01,	6.19645e-01
188.70146,	-1.00008e+00,	3.59060e-01,	-9.99801e-01,	6.19454e-01
188.95132,	-1.00008e+00,	3.64831e-01,	-9.99795e-01,	6.19238e-01
189.20118,	-1.00008e+00,	3.62822e-01,	-9.99793e-01,	6.19047e-01
189.45206,	-1.00008e+00,	3.47091e-01,	-9.99789e-01,	6.18859e-01
189.70191,	-1.00008e+00,	3.42903e-01,	-9.99785e-01,	6.18850e-01
189.95177,	-1.00008e+00,	3.40594e-01,	-9.99787e-01,	6.18679e-01
190.20162,	-1.00008e+00,	3.34436e-01,	-9.99792e-01,	6.18575e-01
190.472,	-1.00008e+00,	3.24635e-01,	-9.99794e-01,	6.18453e-01
190.721856,	-1.00008e+00,	3.30393e-01,	-9.99794e-01,	6.18258e-01
190.971712,	-1.00009e+00,	3.45777e-01,	-9.99792e-01,	6.17995e-01
191.221568,	-1.00008e+00,	3.43456e-01,	-9.99790e-01,	6.17691e-01
191.47245,	-1.00008e+00,	3.35114e-01,	-9.99796e-01,	6.17449e-01
191.7223,	-1.00008e+00,	3.26571e-01,	-9.99797e-01,	6.16882e-01
191.97216,	-1.00008e+00,	3.16966e-01,	-9.99797e-01,	6.14645e-01
192.22304,	-1.00009e+00,	3.06557e-01,	-9.99790e-01,	6.14355e-01
192.4729,	-1.00009e+00,	3.03912e-01,	-9.99794e-01,	6.14155e-01
192.72275,	-1.00009e+00,	3.05689e-01,	-9.99799e-01,	6.13669e-01
192.97261,	-1.00009e+00,	2.97200e-01,	-9.99796e-01,	6.13420e-01
193.22349,	-1.00009e+00,	3.03082e-01,	-9.99797e-01,	6.13372e-01
193.47334,	-1.00009e+00,	3.09007e-01,	-9.99792e-01,	6.13159e-01
193.7232,	-1.00009e+00,	3.10779e-01,	-9.99793e-01,	6.13071e-01
193.97306,	-1.00009e+00,	3.09543e-01,	-9.99790e-01,	6.12824e-01
194.22394,	-1.00010e+00,	2.98761e-01,	-9.99786e-01,	6.12509e-01
194.47379,	-1.00009e+00,	3.61003e-01,	-9.99783e-01,	6.12235e-01
194.72365,	-1.00009e+00,	3.66144e-01,	-9.99784e-01,	6.12100e-01
194.97453,	-1.00009e+00,	3.67727e-01,	-9.99789e-01,	6.11993e-01
195.22438,	-1.00009e+00,	3.66373e-01,	-9.99794e-01,	6.11908e-01
195.47424,	-1.00009e+00,	3.64479e-01,	-9.99795e-01,	6.11757e-01
195.7241,	-1.00010e+00,	3.65436e-01,	-9.99796e-01,	6.11476e-01
195.97498,	-1.00009e+00,	3.65677e-01,	-9.99797e-01,	6.11240e-01
196.22483,	-1.00009e+00,	3.65849e-01,	-9.99801e-01,	6.11114e-01
196.47469,	-1.00009e+00,	3.63464e-01,	-9.99804e-01,	6.10920e-01
196.72557,	-1.00009e+00,	3.66856e-01,	-9.99805e-01,	6.10751e-01
196.97542,	-1.00009e+00,	3.67466e-01,	-9.99799e-01,	6.10547e-01
197.22528,	-1.00009e+00,	3.67203e-01,	-9.99796e-01,	6.10344e-01
197.47514,	-1.00008e+00,	3.66468e-01,	-9.99797e-01,	6.10067e-01
197.72602,	-1.00008e+00,	3.68370e-01,	-9.99797e-01,	6.09852e-01
197.97587,	-1.00008e+00,	3.66913e-01,	-9.99794e-01,	6.09668e-01
198.22573,	-1.00008e+00,	3.69530e-01,	-9.99798e-01,	6.09475e-01
198.47558,	-1.00008e+00,	3.69397e-01,	-9.99798e-01,	6.09340e-01
198.72646,	-1.00008e+00,	3.68003e-01,	-9.99802e-01,	6.09144e-01
198.97632,	-1.00008e+00,	3.67913e-01,	-9.99808e-01,	6.08887e-01
199.22618,	-1.00008e+00,	3.67596e-01,	-9.99804e-01,	6.08643e-01
199.47706,	-1.00008e+00,	3.67204e-01,	-9.99804e-01,	6.08377e-01
199.72691,	-1.00008e+00,	3.68654e-01,	-9.99800e-01,	6.08165e-01
199.97677,	-1.00008e+00,	3.70776e-01,	-9.99798e-01,	6.07985e-01
200.22662,	-1.00008e+00,	3.71276e-01,	-9.99799e-01,	6.07799e-01
200.497,	-1.00009e+00,	3.71235e-01,	-9.99801e-01,	6.07451e-01
200.746856,	-1.00009e+00,	3.73135e-01,	-9.99800e-01,	6.07154e-01
200.996712,	-1.00009e+00,	3.73532e-01,	-9.99792e-01,	6.07058e-01
201.246568,	-1.00009e+00,	3.72532e-01,	-9.99789e-01,	6.07043e-01
201.49745,	-1.00009e+00,	3.71842e-01,	-9.99788e-01,	6.06853e-01
201.7473,	-1.00009e+00,	3.72702e-01,	-9.99789e-01,	6.06621e-01
201.99716,	-1.00010e+00,	3.74989e-01,	-9.99789e-01,	6.06420e-01
202.24804,	-1.00010e+00,	3.75129e-01,	-9.99790e-01,	6.06220e-01
202.4979,	-1.00010e+00,	3.77453e-01,	-9.99786e-01,	6.06068e-01
202.74775,	-1.00009e+00,	3.76147e-01,	-9.99785e-01,	6.05868e-01
202.99761,	-1.00010e+00,	3.77139e-01,	-9.99784e-01,	6.05578e-01
203.24849,	-1.00010e+00,	3.76003e-01,	-9.99782e-01,	6.05373e-01
203.49834,	-1.00009e+00,	3.77281e-01,	-9.99781e-01,	6.05280e-01
203.7482,	-1.00010e+00,	3.75431e-01,	-9.99782e-01,	6.05173e-01
203.99806,	-1.00009e+00,	3.73982e-01,	-9.99780e-01,	6.04958e-01
204.24894,	-1.00009e+00,	3.74571e-01,	-9.99777e-01,	6.04739e-01
204.49879,	-1.00009e+00,	3.75406e-01,	-9.99776e-01,	6.04571e-01
204.74865,	-1.00008e+00,	3.73791e-01,	-9.99777e-01,	6.04375e-01
204.99953,	-1.00009e+00,	3.72185e-01,	-9.99781e-01,	6.04212e-01
205.24938,	-1.00009e+00,	3.72746e-01,	-9.99779e-01,	6.04054e-01
205.49924,	-1.00009e+00,	3.75556e-01,	-9.99783e-01,	6.03893e-01
205.7491,	-1.00009e+00,	3.77189e-01,	-9.99783e-01,	6.03690e-01
205.99998,	-1.00009e+00,	3.75870e-01,	-9.99782e-01,	6.03143e-01
206.24983,	-1.00009e+00,	3.75972e-01,	-9.99784e-01,	6.02740e-01
206.49969,	-1.00009e+00,	3.77086e-01,	-9.99778e-01,	6.02559e-01
206.75057,	-1.00009e+00,	3.77331e-01,	-9.99778e-01,	6.02337e-01
207.00042,	-1.00009e+00,	3.78232e-01,	-9.99779e-01,	6.02270e-01
207.25028,	-1.00009e+00,	3.76711e-01,	-9.99780e-01,	6.02109e-01
207.50014,	-1.00009e+00,	3.76414e-01,	-9.99774e-01,	6.01948e-01
207.75102,	-1.00009e+00,	3.74068e-01,	-9.99771e-01,	6.01604e-01
208.00087,	-1.00009e+00,	3.73207e-01,	-9.99773e-01,	6.01047e-01
208.25073,	-1.00009e+00,	3.69785e-01,	-9.99774e-01,	6.00845e-01
208.50058,	-1.00009e+00,	3.68308e-01,	-9.99774e-01,	6.00660e-01
208.75146,	-1.00009e+00,	3.72343e-01,	-9.99773e-01,	6.00453e-01
209.00132,	-1.00009e+00,	3.73508e-01,	-9.99769e-01,	6.00218e-01
209.25118,	-1.00009e+00,	3.73203e-01,	-9.99770e-01,	5.99947e-01
209.50206,	-1.00010e+00,	3.74901e-01,	-9.99768e-01,	5.99723e-01
209.75191,	-1.00010e+00,	3.77023e-01,	-9.99765e-01,	5.99459e-01
210.00177,	-1.00009e+00,	3.77674e-01,	-9.99764e-01,	5.99272e-01
210.25162,	-1.00009e+00,	3.79081e-01,	-9.99763e-01,	5.99063e-01
210.522,	-1.00009e+00,	3.80230e-01,	-9.99756e-01,	5.98894e-01
210.771856,	-1.00009e+00,	3.79917e-01,	-9.99755e-01,	5.98741e-01
211.021712,	-1.00009e+00,	3.80637e-01,	-9.99754e-01,	5.98562e-01
211.271568,	-1.00009e+00,	3.80295e-01,	-9.99756e-01,	5.98386e-01
211.52245,	-1.00009e+00,	3.78937e-01,	-9.99766e-01,	5.98230e-01
211.7723,	-1.00009e+00,	3.77153e-01,	-9.99762e-01,	5.98060e-01
212.02216,	-1.00009e+00,	3.75471e-01,	-9.99764e-01,	5.97839e-01
212.27202,	-1.00009e+00,	3.73466e-01,	-9.99764e-01,	5.97619e-01
212.5229,	-1.00009e+00,	3.68588e-01,	-9.99766e-01,	5.97415e-01
212.77275,	-1.00009e+00,	3.65546e-01,	-9.99764e-01,	5.97111e-01
213.02261,	-1.00009e+00,	3.68086e-01,	-9.99763e-01,	5.96942e-01
213.27349,	-1.00009e+00,	3.66556e-01,	-9.99764e-01,	5.96788e-01
213.52334,	-1.00009e+00,	3.63529e-01,	-9.99761e-01,	5.96520e-01
213.7732,	-1.00009e+00,	3.60987e-01,	-9.99761e-01,	5.96247e-01
214.02306,	-1.00010e+00,	3.53729e-01,	-9.99771e-01,	5.96051e-01
214.27394,	-1.00010e+00,	3.48424e-01,	-9.99776e-01,	5.95835e-01
214.52379,	-1.00010e+00,	3.32620e-01,	-9.99774e-01,	5.95556e-01
214.77365,	-1.00010e+00,	3.48854e-01,	-9.99771e-01,	5.95340e-01
215.02453,	-1.00010e+00,	3.58184e-01,	-9.99767e-01,	5.95114e-01
215.27438,	-1.00010e+00,	3.54969e-01,	-9.99760e-01,	5.94925e-01
215.52424,	-1.00010e+00,	3.56857e-01,	-9.99761e-01,	5.94647e-01
215.7741,	-1.00010e+00,	3.57786e-01,	-9.99766e-01,	5.94397e-01
216.02498,	-1.00010e+00,	3.61860e-01,	-9.99768e-01,	5.94176e-01
216.27483,	-1.00010e+00,	3.69576e-01,	-9.99768e-01,	5.93876e-01
216.52469,	-1.00010e+00,	3.71114e-01,	-9.99766e-01,	5.93564e-01
216.77454,	-1.00010e+00,	3.67714e-01,	-9.99760e-01,	5.93367e-01
217.02542,	-1.00011e+00,	3.65323e-01,	-9.99754e-01,	5.93156e-01
217.27528,	-1.00010e+00,	3.64160e-01,	-9.99752e-01,	5.92891e-01
217.52514,	-1.00010e+00,	3.62320e-01,	-9.99746e-01,	5.92649e-01
217.77602,	-1.00010e+00,	3.61248e-01,	-9.99743e-01,	5.92380e-01
218.02587,	-1.00010e+00,	3.59884e-01,	-9.99741e-01,	5.92181e-01
218.27573,	-1.00009e+00,	3.54875e-01,	-9.99743e-01,	5.91973e-01
218.52558,	-1.00010e+00,	3.44569e-01,	-9.99749e-01,	5.91743e-01
218.77646,	-1.00010e+00,	3.42251e-01,	-9.99754e-01,	5.91228e-01
219.02632,	-1.00009e+00,	3.34489e-01,	-9.99755e-01,	5.90957e-01
219.27618,	-1.00008e+00,	3.18857e-01,	-9.99764e-01,	5.90728e-01
219.52706,	-1.00009e+00,	2.85582e-01,	-9.99768e-01,	5.90546e-01
219.77691,	-1.00009e+00,	2.85092e-01,	-9.99766e-01,	5.90355e-01
220.02677,	-1.00009e+00,	2.90035e-01,	-9.99764e-01,	5.90134e-01
220.27662,	-1.00009e+00,	2.82033e-01,	-9.99768e-01,	5.89892e-01
220.547,	-1.00009e+00,	2.80188e-01,	-9.99771e-01,	5.89623e-01
220.796856,	-1.00009e+00,	2.85097e-01,	-9.99772e-01,	5.89097e-01
221.046712,	-1.00009e+00,	2.71374e-01,	-9.99776e-01,	5.88743e-01
221.296568,	-1.00009e+00,	2.97604e-01,	-9.99772e-01,	5.88509e-01
221.54745,	-1.00009e+00,	2.68216e-01,	-9.99767e-01,	5.88418e-01
221.7973,	-1.00009e+00,	2.73671e-01,	-9.99771e-01,	5.88112e-01
222.04716,	-1.00009e+00,	2.70169e-01,	-9.99770e-01,	5.87696e-01
222.29702,	-1.00009e+00,	2.75382e-01,	-9.99764e-01,	5.87555e-01
222.5479,	-1.00010e+00,	2.79652e-01,	-9.99765e-01,	5.87364e-01
222.79775,	-1.00010e+00,	3.13772e-01,	-9.99764e-01,	5.87163e-01
223.04761,	-1.00010e+00,	3.51578e-01,	-9.99763e-01,	5.86960e-01
223.29849,	-1.00010e+00,	3.53720e-01,	-9.99763e-01,	5.86717e-01
223.54834,	-1.00009e+00,	3.53943e-01,	-9.99761e-01,	5.86507e-01
223.7982,	-1.00009e+00,	3.52384e-01,	-9.99766e-01,	5.86145e-01
224.04806,	-1.00009e+00,	3.55230e-01,	-9.99766e-01,	5.85959e-01
224.29894,	-1.00009e+00,	3.55589e-01,	-9.99768e-01,	5.85751e-01
224.54879,	-1.00009e+00,	3.50852e-01,	-9.99766e-01,	5.85701e-01
224.79865,	-1.00009e+00,	3.51106e-01,	-9.99767e-01,	5.85508e-01
225.04953,	-1.00009e+00,	3.54700e-01,	-9.99768e-01,	5.85339e-01
225.29938,	-1.00009e+00,	3.55398e-01,	-9.99767e-01,	5.85161e-01
225.54924,	-1.00009e+00,	3.54580e-01,	-9.99766e-01,	5.84911e-01
225.7991,	-1.00009e+00,	3.54595e-01,	-9.99759e-01,	5.84685e-01
226.04998,	-1.00008e+00,	3.54413e-01,	-9.99754e-01,	5.84465e-01
226.29983,	-1.00009e+00,	3.53608e-01,	-9.99752e-01,	5.84224e-01
226.54969,	-1.00008e+00,	3.54760e-01,	-9.99752e-01,	5.83993e-01
226.79954,	-1.00009e+00,	3.57429e-01,	-9.99752e-01,	5.83645e-01
227.05042,	-1.00008e+00,	3.58717e-01,	-9.99754e-01,	5.83472e-01
227.30028,	-1.00008e+00,	3.58416e-01,	-9.99755e-01,	5.83202e-01
227.55014,	-1.00009e+00,	3.57977e-01,	-9.99751e-01,	5.82987e-01
227.80102,	-1.00009e+00,	3.56765e-01,	-9.99751e-01,	5.82716e-01
228.05087,	-1.00009e+00,	3.59489e-01,	-9.99752e-01,	5.82391e-01
228.30073,	-1.00009e+00,	3.58485e-01,	-9.99758e-01,	5.82044e-01
228.55058,	-1.00010e+00,	3.58027e-01,	-9.99762e-01,	5.81808e-01
228.80146,	-1.00010e+00,	3.59402e-01,	-9.99763e-01,	5.81589e-01
229.05132,	-1.00010e+00,	3.57116e-01,	-9.99761e-01,	5.81373e-01
229.30118,	-1.00009e+00,	3.58892e-01,	-9.99760e-01,	5.81188e-01
229.55206,	-1.00008e+00,	3.61696e-01,	-9.99755e-01,	5.81019e-01
229.80191,	-1.00008e+00,	3.54906e-01,	-9.99761e-01,	5.80773e-01
230.05177,	-1.00008e+00,	3.53970e-01,	-9.99760e-01,	5.80407e-01
230.30162,	-1.00008e+00,	3.54815e-01,	-9.99766e-01,	5.80178e-01
230.571,	-1.00008e+00,	3.53082e-01,	-9.99763e-01,	5.79894e-01
230.820856,	-1.00007e+00,	3.52278e-01,	-9.99759e-01,	5.79684e-01
231.070712,	-1.00007e+00,	3.49666e-01,	-9.99760e-01,	5.79516e-01
231.320568,	-1.00007e+00,	3.47360e-01,	-9.99768e-01,	5.79328e-01
231.57145,	-1.00008e+00,	3.45399e-01,	-9.99766e-01,	5.79110e-01
231.8213,	-1.00008e+00,	3.41349e-01,	-9.99761e-01,	5.78872e-01
232.07116,	-1.00008e+00,	3.35962e-01,	-9.99756e-01,	5.78780e-01
232.32204,	-1.00008e+00,	3.16378e-01,	-9.99754e-01,	5.78467e-01
232.5719,	-1.00007e+00,	3.38435e-01,	-9.99747e-01,	5.78194e-01
232.82175,	-1.00008e+00,	3.54658e-01,	-9.99749e-01,	5.77769e-01
233.07161,	-1.00008e+00,	3.61637e-01,	-9.99753e-01,	5.77470e-01
233.32249,	-1.00009e+00,	3.65087e-01,	-9.99759e-01,	5.77267e-01
233.57234,	-1.00009e+00,	3.70786e-01,	-9.99755e-01,	5.77103e-01
233.8222,	-1.00009e+00,	3.71932e-01,	-9.99752e-01,	5.76846e-01
234.07206,	-1.00009e+00,	3.71506e-01,	-9.99747e-01,	5.76485e-01
234.32294,	-1.00009e+00,	3.71549e-01,	-9.99751e-01,	5.76201e-01
234.57279,	-1.00009e+00,	3.70460e-01,	-9.99749e-01,	5.75954e-01
234.82265,	-1.00009e+00,	3.69653e-01,	-9.99740e-01,	5.75672e-01
235.07353,	-1.00009e+00,	3.70056e-01,	-9.99743e-01,	5.75353e-01
235.32338,	-1.00009e+00,	3.70288e-01,	-9.99746e-01,	5.75117e-01
235.57324,	-1.00010e+00,	3.70570e-01,	-9.99747e-01,	5.74974e-01
235.8231,	-1.00010e+00,	3.71269e-01,	-9.99743e-01,	5.74751e-01
236.07398,	-1.00010e+00,	3.71062e-01,	-9.99744e-01,	5.74484e-01
236.32383,	-1.00010e+00,	3.70218e-01,	-9.99742e-01,	5.74165e-01
236.57369,	-1.00010e+00,	3.70475e-01,	-9.99742e-01,	5.73954e-01
236.82457,	-1.00010e+00,	3.70766e-01,	-9.99741e-01,	5.73762e-01
237.07442,	-1.00011e+00,	3.74218e-01,	-9.99740e-01,	5.73436e-01
237.32428,	-1.00011e+00,	3.72673e-01,	-9.99737e-01,	5.73163e-01
237.57414,	-1.00010e+00,	3.72313e-01,	-9.99743e-01,	5.72800e-01
237.82502,	-1.00010e+00,	3.72085e-01,	-9.99746e-01,	5.72477e-01
238.07487,	-1.00010e+00,	3.71959e-01,	-9.99743e-01,	5.72238e-01
238.32473,	-1.00010e+00,	3.71423e-01,	-9.99744e-01,	5.71959e-01
238.57561,	-1.00010e+00,	3.70319e-01,	-9.99739e-01,	5.71736e-01
238.82546,	-1.00009e+00,	3.69386e-01,	-9.99738e-01,	5.71517e-01
239.07532,	-1.00009e+00,	3.68757e-01,	-9.99746e-01,	5.71255e-01
239.32518,	-1.00009e+00,	3.65666e-01,	-9.99744e-01,	5.71024e-01
239.57606,	-1.00009e+00,	3.66326e-01,	-9.99742e-01,	5.70717e-01
239.82591,	-1.00009e+00,	3.67022e-01,	-9.99744e-01,	5.70396e-01
240.07577,	-1.00009e+00,	3.64937e-01,	-9.99748e-01,	5.70037e-01
240.32562,	-1.00009e+00,	3.63763e-01,	-9.99746e-01,	5.69733e-01
240.596,	-1.00009e+00,	3.62525e-01,	-9.99742e-01,	5.69346e-01
240.845856,	-1.00008e+00,	3.61587e-01,	-9.99738e-01,	5.68988e-01
241.095712,	-1.00008e+00,	3.60481e-01,	-9.99734e-01,	5.68736e-01
241.345568,	-1.00007e+00,	3.60366e-01,	-9.99728e-01,	5.68447e-01
241.59645,	-1.00008e+00,	3.60491e-01,	-9.99725e-01,	5.68205e-01
241.8463,	-1.00008e+00,	3.59929e-01,	-9.99728e-01,	5.67931e-01
242.09616,	-1.00008e+00,	3.55446e-01,	-9.99732e-01,	5.67581e-01
242.34704,	-1.00008e+00,	3.51451e-01,	-9.99731e-01,	5.67235e-01
242.5969,	-1.00008e+00,	3.39905e-01,	-9.99734e-01,	5.66969e-01
242.84675,	-1.00009e+00,	3.27302e-01,	-9.99734e-01,	5.66646e-01
243.09661,	-1.00009e+00,	3.25742e-01,	-9.99735e-01,	5.66357e-01
243.34749,	-1.00008e+00,	3.20667e-01,	-9.99733e-01,	5.66012e-01
243.59734,	-1.00009e+00,	3.05670e-01,	-9.99735e-01,	5.65635e-01
243.8472,	-1.00008e+00,	3.06238e-01,	-9.99726e-01,	5.65327e-01
244.09706,	-1.00008e+00,	3.19385e-01,	-9.99730e-01,	5.65059e-01
244.34794,	-1.00008e+00,	3.40488e-01,	-9.99733e-01,	5.64741e-01
244.59779,	-1.00009e+00,	3.46232e-01,	-9.99734e-01,	5.64406e-01
244.84765,	-1.00009e+00,	3.39600e-01,	-9.99730e-01,	5.64096e-01
245.09853,	-1.00009e+00,	3.37243e-01,	-9.99733e-01,	5.63813e-01
245.34838,	-1.00008e+00,	3.44062e-01,	-9.99729e-01,	5.63519e-01
245.59824,	-1.00008e+00,	3.44542e-01,	-9.99727e-01,	5.63171e-01
245.8481,	-1.00009e+00,	3.41603e-01,	-9.99728e-01,	5.62815e-01
246.09898,	-1.00009e+00,	3.43849e-01,	-9.99732e-01,	5.62486e-01
246.34883,	-1.00008e+00,	3.48771e-01,	-9.99739e-01,	5.62235e-01
246.59869,	-1.00008e+00,	3.46434e-01,	-9.99735e-01,	5.61809e-01
246.84957,	-1.00009e+00,	3.44494e-01,	-9.99736e-01,	5.61429e-01
247.09942,	-1.00009e+00,	3.42643e-01,	-9.99738e-01,	5.61231e-01
247.34928,	-1.00009e+00,	3.48747e-01,	-9.99738e-01,	5.61045e-01
247.59914,	-1.00009e+00,	3.47846e-01,	-9.99732e-01,	5.61003e-01
247.85002,	-1.00008e+00,	3.42901e-01,	-9.99726e-01,	5.60544e-01
248.09987,	-1.00008e+00,	3.42576e-01,	-9.99731e-01,	5.60174e-01
248.34973,	-1.00008e+00,	3.49252e-01,	-9.99735e-01,	5.59518e-01
248.59958,	-1.00008e+00,	3.53371e-01,	-9.99736e-01,	5.59243e-01
248.85046,	-1.00009e+00,	3.52301e-01,	-9.99738e-01,	5.58991e-01
249.10032,	-1.00009e+00,	3.49686e-01,	-9.99742e-01,	5.58947e-01
249.35018,	-1.00009e+00,	3.46795e-01,	-9.99740e-01,	5.58685e-01
249.60106,	-1.00009e+00,	3.46408e-01,	-9.99735e-01,	5.58141e-01
249.85091,	-1.00009e+00,	3.52560e-01,	-9.99732e-01,	5.57671e-01
250.10077,	-1.00009e+00,	3.47350e-01,	-9.99732e-01,	5.57260e-01
250.35062,	-1.00008e+00,	3.42947e-01,	-9.99733e-01,	5.56765e-01
250.621,	-1.00008e+00,	3.49839e-01,	-9.99735e-01,	5.56679e-01
250.870856,	-1.00009e+00,	3.58272e-01,	-9.99737e-01,	5.56284e-01
251.120712,	-1.00009e+00,	3.60985e-01,	-9.99739e-01,	5.55809e-01
251.370568,	-1.00009e+00,	3.59118e-01,	-9.99741e-01,	5.55385e-01
251.62145,	-1.00009e+00,	3.55705e-01,	-9.99735e-01,	5.55027e-01
251.8713,	-1.00009e+00,	3.52589e-01,	-9.99732e-01,	5.54607e-01
252.12116,	-1.00009e+00,	3.54878e-01,	-9.99731e-01,	5.54184e-01
252.37102,	-1.00009e+00,	3.58921e-01,	-9.99732e-01,	5.53901e-01
252.6219,	-1.00009e+00,	3.57730e-01,	-9.99730e-01,	5.53494e-01
252.87175,	-1.00009e+00,	3.55627e-01,	-9.99735e-01,	5.53116e-01
253.12161,	-1.00009e+00,	3.58264e-01,	-9.99729e-01,	5.52755e-01
253.37249,	-1.00009e+00,	3.56413e-01,	-9.99724e-01,	5.53290e-01
253.62234,	-1.00008e+00,	3.58853e-01,	-9.99723e-01,	5.55053e-01
253.8722,	-1.00009e+00,	3.59206e-01,	-9.99725e-01,	5.55392e-01
254.12206,	-1.00009e+00,	3.58287e-01,	-9.99724e-01,	5.55314e-01
254.37294,	-1.00008e+00,	3.55755e-01,	-9.99728e-01,	5.55247e-01
254.62279,	-1.00008e+00,	3.53993e-01,	-9.99722e-01,	5.55164e-01
254.87265,	-1.00008e+00,	3.55283e-01,	-9.99722e-01,	5.54913e-01
255.12353,	-1.00007e+00,	3.51479e-01,	-9.99726e-01,	5.54432e-01
255.37338,	-1.00008e+00,	3.49478e-01,	-9.99730e-01,	5.54061e-01
255.62324,	-1.00008e+00,	3.47902e-01,	-9.99725e-01,	5.53679e-01
255.8731,	-1.00008e+00,	3.47881e-01,	-9.99724e-01,	5.53028e-01
256.12398,	-1.00008e+00,	3.49110e-01,	-9.99730e-01,	5.52290e-01
256.37383,	-1.00009e+00,	3.52929e-01,	-9.99735e-01,	5.51767e-01
256.62369,	-1.00009e+00,	3.52660e-01,	-9.99734e-01,	5.51288e-01
256.87354,	-1.00008e+00,	3.49619e-01,	-9.99732e-01,	5.50803e-01
257.12442,	-1.00007e+00,	3.49264e-01,	-9.99725e-01,	5.50371e-01
257.37428,	-1.00007e+00,	3.48616e-01,	-9.99722e-01,	5.49834e-01
257.62414,	-1.00007e+00,	3.51618e-01,	-9.99722e-01,	5.48838e-01
257.87502,	-1.00007e+00,	3.53773e-01,	-9.99725e-01,	5.48098e-01
258.12487,	-1.00008e+00,	3.52869e-01,	-9.99720e-01,	5.47528e-01
258.37473,	-1.00007e+00,	3.50064e-01,	-9.99714e-01,	5.47003e-01
258.62458,	-1.00008e+00,	3.48513e-01,	-9.99718e-01,	5.46533e-01
258.87546,	-1.00008e+00,	3.47020e-01,	-9.99723e-01,	5.46090e-01
259.12532,	-1.00008e+00,	3.45370e-01,	-9.99723e-01,	5.45773e-01
259.37518,	-1.00009e+00,	3.42097e-01,	-9.99718e-01,	5.45371e-01
259.62606,	-1.00008e+00,	3.47363e-01,	-9.99720e-01,	5.44973e-01
259.87591,	-1.00008e+00,	3.49720e-01,	-9.99723e-01,	5.44600e-01
260.12577,	-1.00009e+00,	3.46476e-01,	-9.99724e-01,	5.44172e-01
260.37562,	-1.00009e+00,	3.44931e-01,	-9.99725e-01,	5.43808e-01
260.646,	-1.00008e+00,	3.43840e-01,	-9.99721e-01,	5.43494e-01
260.895856,	-1.00008e+00,	3.44155e-01,	-9.99721e-01,	5.43052e-01
261.145712,	-1.00009e+00,	3.42509e-01,	-9.99720e-01,	5.42543e-01
261.395568,	-1.00008e+00,	3.43555e-01,	-9.99718e-01,	5.41997e-01
261.64645,	-1.00008e+00,	3.49144e-01,	-9.99719e-01,	5.41373e-01
261.8963,	-1.00007e+00,	3.49920e-01,	-9.99714e-01,	5.40921e-01
262.14616,	-1.00007e+00,	3.51225e-01,	-9.99721e-01,	5.40457e-01
262.39704,	-1.00007e+00,	3.50590e-01,	-9.99718e-01,	5.39881e-01
262.6469,	-1.00007e+00,	3.49240e-01,	-9.99715e-01,	5.39401e-01
262.89675,	-1.00008e+00,	3.45815e-01,	-9.99716e-01,	5.38947e-01
263.14661,	-1.00008e+00,	3.45578e-01,	-9.99717e-01,	5.38516e-01
263.39749,	-1.00008e+00,	3.47875e-01,	-9.99717e-01,	5.38144e-01
263.64734,	-1.00008e+00,	3.43271e-01,	-9.99718e-01,	5.37764e-01
263.8972,	-1.00008e+00,	3.40205e-01,	-9.99714e-01,	5.37261e-01
264.14706,	-1.00008e+00,	3.41753e-01,	-9.99714e-01,	5.36773e-01
264.39794,	-1.00008e+00,	3.42547e-01,	-9.99722e-01,	5.36199e-01
264.64779,	-1.00009e+00,	3.39348e-01,	-9.99723e-01,	5.35596e-01
264.89765,	-1.00009e+00,	3.41736e-01,	-9.99726e-01,	5.34917e-01
265.14853,	-1.00009e+00,	3.42605e-01,	-9.99725e-01,	5.34338e-01
265.39838,	-1.00009e+00,	3.38016e-01,	-9.99724e-01,	5.33795e-01
265.64824,	-1.00009e+00,	3.30058e-01,	-9.99723e-01,	5.33338e-01
265.8981,	-1.00009e+00,	3.32896e-01,	-9.99726e-01,	5.32758e-01
266.14898,	-1.00010e+00,	3.38159e-01,	-9.99721e-01,	5.32080e-01
266.39883,	-1.00009e+00,	3.41472e-01,	-9.99720e-01,	5.31373e-01
266.64869,	-1.00010e+00,	3.42434e-01,	-9.99728e-01,	5.30911e-01
266.89957,	-1.00010e+00,	3.44635e-01,	-9.99727e-01,	5.30389e-01
267.14942,	-1.00010e+00,	3.42168e-01,	-9.99724e-01,	5.29824e-01
267.39928,	-1.00009e+00,	3.39041e-01,	-9.99726e-01,	5.29301e-01
267.64914,	-1.00010e+00,	3.37109e-01,	-9.99726e-01,	5.28796e-01
267.90002,	-1.00010e+00,	3.42359e-01,	-9.99726e-01,	5.28255e-01
268.14987,	-1.00010e+00,	3.44250e-01,	-9.99721e-01,	5.27727e-01
268.39973,	-1.00009e+00,	3.40990e-01,	-9.99719e-01,	5.27227e-01
268.64958,	-1.00009e+00,	3.37576e-01,	-9.99713e-01,	5.26743e-01
268.90046,	-1.00009e+00,	3.40095e-01,	-9.99714e-01,	5.26228e-01
269.15032,	-1.00009e+00,	3.37290e-01,	-9.99724e-01,	5.25644e-01
269.40018,	-1.00009e+00,	3.33548e-01,	-9.99719e-01,	5.24976e-01
269.65106,	-1.00009e+00,	3.34002e-01,	-9.99725e-01,	5.24350e-01
269.90091,	-1.00009e+00,	3.32555e-01,	-9.99724e-01,	5.23695e-01
270.15077,	-1.00010e+00,	3.30454e-01,	-9.99721e-01,	5.23092e-01
270.40062,	-1.00010e+00,	3.26089e-01,	-9.99720e-01,	5.22466e-01
270.671,	-1.00010e+00,	3.31774e-01,	-9.99721e-01,	5.21760e-01
270.920856,	-1.00010e+00,	3.36838e-01,	-9.99721e-01,	5.21119e-01
271.170712,	-1.00010e+00,	3.30367e-01,	-9.99716e-01,	5.20443e-01
271.420568,	-1.00010e+00,	3.26806e-01,	-9.99716e-01,	5.19848e-01
271.67145,	-1.00009e+00,	3.37020e-01,	-9.99717e-01,	5.19256e-01
271.9213,	-1.00010e+00,	3.36781e-01,	-9.99822e-01,	5.18710e-01
272.17116,	-1.00010e+00,	3.37107e-01,	-9.99800e-01,	5.18047e-01
272.42204,	-1.00010e+00,	3.37694e-01,	-9.99794e-01,	5.17377e-01
272.6719,	-1.00009e+00,	3.39359e-01,	-9.99797e-01,	5.16709e-01
272.92175,	-1.00010e+00,	3.35220e-01,	-9.99800e-01,	5.16068e-01
273.17161,	-1.00010e+00,	3.38691e-01,	-9.99800e-01,	5.15249e-01
273.42249,	-1.00010e+00,	3.38090e-01,	-9.99799e-01,	5.14220e-01
273.67234,	-1.00010e+00,	3.40392e-01,	-9.99803e-01,	5.13448e-01
273.9222,	-1.00009e+00,	3.41585e-01,	-9.99811e-01,	5.12544e-01
274.17206,	-1.00010e+00,	3.42118e-01,	-9.99809e-01,	5.11662e-01
274.42294,	-1.00010e+00,	3.40538e-01,	-9.99811e-01,	5.10841e-01
274.67279,	-1.00010e+00,	3.38220e-01,	-9.99809e-01,	5.09979e-01
274.92265,	-1.00010e+00,	3.37240e-01,	-9.99808e-01,	5.09099e-01
275.17353,	-1.00010e+00,	3.40305e-01,	-9.99804e-01,	5.08314e-01
275.42338,	-1.00010e+00,	3.40300e-01,	-9.99810e-01,	5.07650e-01
275.67324,	-1.00010e+00,	3.41803e-01,	-9.99813e-01,	5.06856e-01
275.9231,	-1.00010e+00,	3.40160e-01,	-9.99810e-01,	5.05930e-01
276.17398,	-1.00010e+00,	3.36906e-01,	-9.99811e-01,	5.05222e-01
276.42383,	-1.00010e+00,	3.36089e-01,	-9.99809e-01,	5.04450e-01
276.67369,	-1.00011e+00,	3.34796e-01,	-9.99801e-01,	5.03840e-01
276.92354,	-1.00011e+00,	3.35662e-01,	-9.99806e-01,	5.03016e-01
277.17442,	-1.00010e+00,	3.39744e-01,	-9.99810e-01,	5.02152e-01
277.42428,	-1.00010e+00,	3.32958e-01,	-9.99815e-01,	5.01247e-01
277.67414,	-1.00010e+00,	3.35871e-01,	-9.99821e-01,	5.00461e-01
277.92502,	-1.00010e+00,	3.40055e-01,	-9.99821e-01,	4.99648e-01
278.17487,	-1.00010e+00,	3.35867e-01,	-9.99821e-01,	4.98833e-01
278.42473,	-1.00011e+00,	3.35099e-01,	-9.99825e-01,	4.97907e-01
278.67458,	-1.00010e+00,	3.38045e-01,	-9.99828e-01,	4.96907e-01
278.92546,	-1.00010e+00,	3.37074e-01,	-9.99833e-01,	4.96033e-01
279.17532,	-1.00011e+00,	3.35810e-01,	-9.99829e-01,	4.95204e-01
279.42518,	-1.00011e+00,	3.36090e-01,	-9.99831e-01,	4.94380e-01
279.67606,	-1.00011e+00,	3.38484e-01,	-9.99831e-01,	4.93467e-01
279.92591,	-1.00010e+00,	3.39642e-01,	-9.99837e-01,	4.92466e-01
280.17577,	-1.00010e+00,	3.38671e-01,	-9.99835e-01,	4.91554e-01
280.42562,	-1.00011e+00,	3.42936e-01,	-9.99833e-01,	4.90836e-01
280.696,	-1.00011e+00,	3.43927e-01,	-9.99833e-01,	4.90027e-01
280.945856,	-1.00011e+00,	3.40500e-01,	-9.99828e-01,	4.89191e-01
281.195712,	-1.00010e+00,	3.40312e-01,	-9.99829e-01,	4.88175e-01
281.445568,	-1.00010e+00,	3.36958e-01,	-9.99832e-01,	4.86790e-01
281.69645,	-1.00010e+00,	3.34273e-01,	-9.99830e-01,	4.85398e-01
281.9463,	-1.00010e+00,	3.35467e-01,	-9.99833e-01,	4.84086e-01
282.19616,	-1.00011e+00,	3.31063e-01,	-9.99835e-01,	4.83093e-01
282.44704,	-1.00010e+00,	3.30098e-01,	-9.99834e-01,	4.82261e-01
282.6969,	-1.00011e+00,	3.35074e-01,	-9.99836e-01,	4.81300e-01
282.94675,	-1.00010e+00,	3.31867e-01,	-9.99836e-01,	4.80296e-01
283.19661,	-1.00010e+00,	3.23650e-01,	-9.99837e-01,	4.79265e-01
283.44749,	-1.00010e+00,	3.15456e-01,	-9.99838e-01,	4.78118e-01
283.69734,	-1.00010e+00,	3.17682e-01,	-9.99843e-01,	4.76902e-01
283.9472,	-1.00010e+00,	3.29397e-01,	-9.99842e-01,	4.75853e-01
284.19706,	-1.00010e+00,	3.29922e-01,	-9.99835e-01,	4.74808e-01
284.44794,	-1.00010e+00,	3.34844e-01,	-9.99836e-01,	4.73936e-01
284.69779,	-1.00010e+00,	3.29059e-01,	-9.99834e-01,	4.73060e-01
284.94765,	-1.00011e+00,	3.31562e-01,	-9.99833e-01,	4.72099e-01
285.19853,	-1.00011e+00,	3.29482e-01,	-9.99839e-01,	4.71059e-01
285.44838,	-1.00011e+00,	3.31219e-01,	-9.99842e-01,	4.70060e-01
285.69824,	-1.00011e+00,	3.31230e-01,	-9.99839e-01,	4.68997e-01
285.9481,	-1.00011e+00,	3.30706e-01,	-9.99844e-01,	4.67998e-01
286.19898,	-1.00011e+00,	3.27574e-01,	-9.99847e-01,	4.67071e-01
286.44883,	-1.00012e+00,	3.28135e-01,	-9.99843e-01,	4.65858e-01
286.69869,	-1.00012e+00,	3.20628e-01,	-9.99848e-01,	4.64599e-01
286.94957,	-1.00011e+00,	3.20361e-01,	-9.99845e-01,	4.63376e-01
287.19942,	-1.00011e+00,	3.17026e-01,	-9.99850e-01,	4.62180e-01
287.44928,	-1.00011e+00,	3.15258e-01,	-9.99852e-01,	4.61001e-01
287.69914,	-1.00011e+00,	3.03499e-01,	-9.99858e-01,	4.59839e-01
287.95002,	-1.00011e+00,	2.73592e-01,	-9.99853e-01,	4.58703e-01
288.19987,	-1.00010e+00,	2.47361e-01,	-9.99852e-01,	4.57591e-01
288.44973,	-1.00011e+00,	2.59094e-01,	-9.99853e-01,	4.56244e-01
288.69958,	-1.00011e+00,	3.09080e-01,	-9.99854e-01,	4.54757e-01
288.95046,	-1.00011e+00,	3.06494e-01,	-9.99853e-01,	4.53658e-01
289.20032,	-1.00011e+00,	2.88219e-01,	-9.99849e-01,	4.52676e-01
289.45018,	-1.00011e+00,	2.99093e-01,	-9.99849e-01,	4.51493e-01
289.70106,	-1.00010e+00,	3.22604e-01,	-9.99852e-01,	4.50280e-01
289.95091,	-1.00011e+00,	3.24282e-01,	-9.99856e-01,	4.49160e-01
290.20077,	-1.00011e+00,	3.23561e-01,	-9.99862e-01,	4.47982e-01
290.45062,	-1.00011e+00,	3.23863e-01,	-9.99863e-01,	4.46826e-01
290.721,	-1.00010e+00,	3.20977e-01,	-9.99858e-01,	4.45625e-01
290.970856,	-1.00010e+00,	3.17920e-01,	-9.99852e-01,	4.44480e-01
291.220712,	-1.00010e+00,	3.15533e-01,	-9.99855e-01,	4.43306e-01
291.470568,	-1.00009e+00,	3.19243e-01,	-9.99855e-01,	4.42171e-01
291.72145,	-1.00009e+00,	3.11647e-01,	-9.99856e-01,	4.41019e-01
291.9713,	-1.00009e+00,	3.08277e-01,	-9.99856e-01,	4.39806e-01
292.22116,	-1.00009e+00,	3.03359e-01,	-9.99863e-01,	4.38543e-01
292.47204,	-1.00009e+00,	2.51289e-01,	-9.99864e-01,	4.37320e-01
292.7219,	-1.00010e+00,	2.21606e-01,	-9.99867e-01,	4.36057e-01
292.97175,	-1.00010e+00,	2.19486e-01,	-9.99869e-01,	4.34693e-01
293.22161,	-1.00010e+00,	2.20498e-01,	-9.99870e-01,	4.33333e-01
293.47249,	-1.00010e+00,	2.34894e-01,	-9.99870e-01,	4.31997e-01
293.72234,	-1.00010e+00,	2.37935e-01,	-9.99867e-01,	4.30640e-01
293.9722,	-1.00010e+00,	2.39729e-01,	-9.99869e-01,	4.29063e-01
294.22206,	-1.00011e+00,	2.72022e-01,	-9.99871e-01,	4.27503e-01
294.47294,	-1.00010e+00,	3.10287e-01,	-9.99868e-01,	4.25902e-01
294.72279,	-1.00010e+00,	2.98488e-01,	-9.99858e-01,	4.24351e-01
294.97265,	-1.00010e+00,	2.33791e-01,	-9.99859e-01,	4.22962e-01
295.22353,	-1.00010e+00,	2.34159e-01,	-9.99858e-01,	4.21670e-01
295.47338,	-1.00010e+00,	2.36650e-01,	-9.99860e-01,	4.20372e-01
295.72324,	-1.00009e+00,	2.29365e-01,	-9.99863e-01,	4.19003e-01
295.9731,	-1.00010e+00,	2.36032e-01,	-9.99857e-01,	4.17671e-01
296.22398,	-1.00009e+00,	2.35429e-01,	-9.99853e-01,	4.16256e-01
296.47383,	-1.00010e+00,	2.26469e-01,	-9.99855e-01,	4.14547e-01
296.72369,	-1.00010e+00,	2.38601e-01,	-9.99855e-01,	4.13032e-01
296.97457,	-1.00010e+00,	2.37036e-01,	-9.99860e-01,	4.11715e-01
297.22442,	-1.00010e+00,	2.40031e-01,	-9.99863e-01,	4.10394e-01
297.47428,	-1.00010e+00,	2.34748e-01,	-9.99866e-01,	4.09072e-01
297.72414,	-1.00010e+00,	2.45698e-01,	-9.99867e-01,	4.07761e-01
297.97502,	-1.00010e+00,	2.64020e-01,	-9.99869e-01,	4.05973e-01
298.22487,	-1.00010e+00,	3.08470e-01,	-9.99866e-01,	4.04219e-01
298.47473,	-1.00011e+00,	3.15381e-01,	-9.99859e-01,	4.02625e-01
298.72561,	-1.00011e+00,	3.17016e-01,	-9.99857e-01,	4.00629e-01
298.97546,	-1.00011e+00,	3.18443e-01,	-9.99862e-01,	3.97835e-01
299.22532,	-1.00011e+00,	3.21985e-01,	-9.99866e-01,	3.95959e-01
299.47518,	-1.00011e+00,	3.24883e-01,	-9.99866e-01,	3.94274e-01
299.72606,	-1.00011e+00,	3.26036e-01,	-9.99867e-01,	3.92392e-01
299.97591,	-1.00011e+00,	3.27155e-01,	-9.99872e-01,	3.90988e-01
300.22577,	-1.00011e+00,	3.32341e-01,	-9.99874e-01,	3.89720e-01
300.47562,	-1.00011e+00,	3.34042e-01,	-9.99870e-01,	3.88390e-01
300.746,	-1.00011e+00,	3.34113e-01,	-9.99869e-01,	3.86933e-01
300.995856,	-1.00011e+00,	3.35132e-01,	-9.99870e-01,	3.85324e-01
301.245712,	-1.00011e+00,	3.36707e-01,	-9.99873e-01,	3.84013e-01
301.495568,	-1.00010e+00,	3.36958e-01,	-9.99874e-01,	3.82630e-01
301.74645,	-1.00010e+00,	3.36526e-01,	-9.99873e-01,	3.80816e-01
301.9963,	-1.00010e+00,	3.37365e-01,	-9.99866e-01,	3.79485e-01
302.24616,	-1.00010e+00,	3.36988e-01,	-9.99866e-01,	3.77821e-01
302.49602,	-1.00009e+00,	3.36719e-01,	-9.99864e-01,	3.76026e-01
302.7469,	-1.00009e+00,	3.36654e-01,	-9.99871e-01,	3.74519e-01
302.99675,	-1.00009e+00,	3.36362e-01,	-9.99873e-01,	3.73122e-01
303.24661,	-1.00009e+00,	3.36061e-01,	-9.99868e-01,	3.71302e-01
303.49749,	-1.00009e+00,	3.34830e-01,	-9.99873e-01,	3.69661e-01
303.74734,	-1.00009e+00,	3.35040e-01,	-9.99876e-01,	3.68543e-01
303.9972,	-1.00010e+00,	3.35763e-01,	-9.99876e-01,	3.67408e-01
304.24706,	-1.00009e+00,	3.35172e-01,	-9.99876e-01,	3.65303e-01
304.49794,	-1.00010e+00,	3.36313e-01,	-9.99873e-01,	3.63974e-01
304.74779,	-1.00010e+00,	3.36593e-01,	-9.99866e-01,	3.62510e-01
304.99765,	-1.00011e+00,	3.37239e-01,	-9.99870e-01,	3.60917e-01
305.24853,	-1.00011e+00,	3.37623e-01,	-9.99871e-01,	3.59774e-01
305.49838,	-1.00011e+00,	3.36180e-01,	-9.99875e-01,	3.58440e-01
305.74824,	-1.00010e+00,	3.35119e-01,	-9.99874e-01,	3.56825e-01
305.9981,	-1.00010e+00,	3.34883e-01,	-9.99873e-01,	3.55082e-01
306.24898,	-1.00011e+00,	3.35589e-01,	-9.99875e-01,	3.53409e-01
306.49883,	-1.00010e+00,	3.35850e-01,	-9.99878e-01,	3.52062e-01
306.74869,	-1.00011e+00,	3.35363e-01,	-9.99877e-01,	3.51004e-01
306.99854,	-1.00011e+00,	3.34032e-01,	-9.99882e-01,	3.49842e-01
307.24942,	-1.00011e+00,	3.33566e-01,	-9.99887e-01,	3.48917e-01
307.49928,	-1.00011e+00,	3.33499e-01,	-9.99890e-01,	3.48091e-01
307.74914,	-1.00011e+00,	3.34198e-01,	-9.99892e-01,	3.46697e-01
308.00002,	-1.00011e+00,	3.35210e-01,	-9.99889e-01,	3.45383e-01
308.24987,	-1.00011e+00,	3.35492e-01,	-9.99882e-01,	3.43864e-01
308.49973,	-1.00011e+00,	3.35526e-01,	-9.99875e-01,	3.42901e-01
308.74958,	-1.00011e+00,	3.35465e-01,	-9.99871e-01,	3.41210e-01
309.00046,	-1.00010e+00,	3.35569e-01,	-9.99872e-01,	3.39880e-01
309.25032,	-1.00010e+00,	3.35460e-01,	-9.99875e-01,	3.38366e-01
309.50018,	-1.00011e+00,	3.35575e-01,	-9.99878e-01,	3.36684e-01
309.75106,	-1.00011e+00,	3.35001e-01,	-9.99877e-01,	3.35054e-01
310.00091,	-1.00011e+00,	3.34883e-01,	-9.99877e-01,	3.33656e-01
310.25077,	-1.00011e+00,	3.35346e-01,	-9.99875e-01,	3.31843e-01
310.50062,	-1.00010e+00,	3.34542e-01,	-9.99880e-01,	3.29651e-01
310.771,	-1.00010e+00,	3.34212e-01,	-9.99883e-01,	3.27601e-01
311.020856,	-1.00010e+00,	3.34658e-01,	-9.99886e-01,	3.25400e-01
311.270712,	-1.00010e+00,	3.34488e-01,	-9.99887e-01,	3.23142e-01
311.520568,	-1.00010e+00,	3.34713e-01,	-9.99880e-01,	3.21304e-01
311.77145,	-1.00010e+00,	3.34044e-01,	-9.99881e-01,	3.18750e-01
312.0213,	-1.00010e+00,	3.34102e-01,	-9.99883e-01,	3.16073e-01
312.27116,	-1.00010e+00,	3.33571e-01,	-9.99882e-01,	3.13961e-01
312.52102,	-1.00009e+00,	3.33371e-01,	-9.99882e-01,	3.12369e-01
312.7719,	-1.00009e+00,	3.32454e-01,	-9.99884e-01,	3.10180e-01
313.02175,	-1.00009e+00,	3.32560e-01,	-9.99882e-01,	3.07906e-01
313.27161,	-1.00009e+00,	3.31339e-01,	-9.99887e-01,	3.06178e-01
313.52249,	-1.00010e+00,	3.31388e-01,	-9.99892e-01,	3.03836e-01
313.77234,	-1.00010e+00,	3.31384e-01,	-9.99894e-01,	3.01978e-01
314.0222,	-1.00009e+00,	3.30841e-01,	-9.99891e-01,	2.99935e-01
314.27206,	-1.00009e+00,	3.30899e-01,	-9.99893e-01,	2.97742e-01
314.52294,	-1.00010e+00,	3.30328e-01,	-9.99893e-01,	2.96064e-01
314.77279,	-1.00010e+00,	3.29057e-01,	-9.99899e-01,	2.94974e-01
315.02265,	-1.00009e+00,	3.28425e-01,	-9.99900e-01,	2.94143e-01
315.27353,	-1.00009e+00,	3.28598e-01,	-9.99901e-01,	2.92944e-01
315.52338,	-1.00010e+00,	3.28734e-01,	-9.99906e-01,	2.92191e-01
315.77324,	-1.00009e+00,	3.29665e-01,	-9.99901e-01,	2.91304e-01
316.0231,	-1.00010e+00,	3.29527e-01,	-9.99897e-01,	2.90902e-01
316.27398,	-1.00010e+00,	3.29456e-01,	-9.99899e-01,	2.90329e-01
316.52383,	-1.00010e+00,	3.29385e-01,	-9.99902e-01,	2.89430e-01
316.77369,	-1.00010e+00,	3.28319e-01,	-9.99903e-01,	2.88576e-01
317.02354,	-1.00009e+00,	3.28298e-01,	-9.99908e-01,	2.87197e-01
317.27442,	-1.00009e+00,	3.28080e-01,	-9.99906e-01,	2.85712e-01
317.52428,	-1.00009e+00,	3.27346e-01,	-9.99904e-01,	2.84344e-01
317.77414,	-1.00009e+00,	3.28003e-01,	-9.99909e-01,	2.83014e-01
318.02502,	-1.00009e+00,	3.28345e-01,	-9.99912e-01,	2.82002e-01
318.27487,	-1.00009e+00,	3.27559e-01,	-9.99908e-01,	2.80927e-01
318.52473,	-1.00009e+00,	3.26789e-01,	-9.99906e-01,	2.79176e-01
318.77458,	-1.00009e+00,	3.27277e-01,	-9.99903e-01,	2.76953e-01
319.02546,	-1.00010e+00,	3.26964e-01,	-9.99896e-01,	2.75693e-01
319.27532,	-1.00010e+00,	3.26834e-01,	-9.99895e-01,	2.74334e-01
319.52518,	-1.00010e+00,	3.27801e-01,	-9.99896e-01,	2.72005e-01
319.77606,	-1.00010e+00,	3.28427e-01,	-9.99888e-01,	2.70172e-01
320.02591,	-1.00010e+00,	3.28324e-01,	-9.99882e-01,	2.68786e-01
320.27577,	-1.00010e+00,	3.28497e-01,	-9.99888e-01,	2.67393e-01
320.52562,	-1.00009e+00,	3.27950e-01,	-9.99890e-01,	2.66164e-01
320.795,	-1.00009e+00,	3.27355e-01,	-9.99898e-01,	2.64622e-01
321.044856,	-1.00009e+00,	3.26747e-01,	-9.99902e-01,	2.63343e-01
321.294712,	-1.00008e+00,	3.26541e-01,	-9.99897e-01,	2.62106e-01
321.544568,	-1.00009e+00,	3.26047e-01,	-9.99896e-01,	2.60606e-01
321.79545,	-1.00009e+00,	3.26780e-01,	-9.99899e-01,	2.59325e-01
322.0453,	-1.00009e+00,	3.25656e-01,	-9.99902e-01,	2.58182e-01
322.29516,	-1.00008e+00,	3.24780e-01,	-9.99904e-01,	2.56937e-01
322.54604,	-1.00008e+00,	3.23804e-01,	-9.99904e-01,	2.55436e-01
322.7959,	-1.00008e+00,	3.24003e-01,	-9.99905e-01,	2.53929e-01
323.04575,	-1.00009e+00,	3.24288e-01,	-9.99904e-01,	2.51962e-01
323.29561,	-1.00008e+00,	3.23139e-01,	-9.99901e-01,	2.50307e-01
323.54649,	-1.00008e+00,	3.22582e-01,	-9.99896e-01,	2.48883e-01
323.79634,	-1.00009e+00,	3.21301e-01,	-9.99899e-01,	2.47413e-01
324.0462,	-1.00009e+00,	3.21651e-01,	-9.99897e-01,	2.45836e-01
324.29606,	-1.00009e+00,	3.22052e-01,	-9.99902e-01,	2.43739e-01
324.54694,	-1.00009e+00,	3.21156e-01,	-9.99910e-01,	2.42284e-01
324.79679,	-1.00009e+00,	3.21338e-01,	-9.99912e-01,	2.40745e-01
325.04665,	-1.00009e+00,	3.19530e-01,	-9.99908e-01,	2.38847e-01
325.29753,	-1.00009e+00,	3.19910e-01,	-9.99912e-01,	2.36840e-01
325.54738,	-1.00014e+00,	3.20115e-01,	-9.99913e-01,	2.35082e-01
325.79724,	-1.00020e+00,	3.19237e-01,	-9.99911e-01,	2.33670e-01
326.0471,	-1.00018e+00,	3.18684e-01,	-9.99908e-01,	2.31884e-01
326.29798,	-1.00017e+00,	3.17921e-01,	-9.99904e-01,	2.29875e-01
326.54783,	-1.00017e+00,	3.17626e-01,	-9.99907e-01,	2.26905e-01
326.79769,	-1.00016e+00,	3.18830e-01,	-9.99905e-01,	2.24770e-01
327.04857,	-1.00016e+00,	3.18259e-01,	-9.99907e-01,	2.22836e-01
327.29842,	-1.00016e+00,	3.18582e-01,	-9.99902e-01,	2.20603e-01
327.54828,	-1.00016e+00,	3.17536e-01,	-9.99907e-01,	2.17987e-01
327.79814,	-1.00016e+00,	3.17114e-01,	-9.99911e-01,	2.15504e-01
328.04902,	-1.00016e+00,	3.16864e-01,	-9.99910e-01,	2.13027e-01
328.29887,	-1.00016e+00,	3.16325e-01,	-9.99907e-01,	2.09450e-01
328.54873,	-1.00016e+00,	3.16143e-01,	-9.99907e-01,	2.07620e-01
328.79858,	-1.00016e+00,	3.15824e-01,	-9.99905e-01,	2.05432e-01
329.04946,	-1.00016e+00,	3.15843e-01,	-9.99909e-01,	2.03495e-01
329.29932,	-1.00015e+00,	3.15021e-01,	-9.99907e-01,	2.01380e-01
329.54918,	-1.00016e+00,	3.15074e-01,	-9.99907e-01,	1.98102e-01
329.80006,	-1.00016e+00,	3.14758e-01,	-9.99905e-01,	1.95409e-01
330.04991,	-1.00015e+00,	3.14898e-01,	-9.99905e-01,	1.93040e-01
330.29977,	-1.00015e+00,	3.14459e-01,	-9.99906e-01,	1.90980e-01
330.54962,	-1.00015e+00,	3.14153e-01,	-9.99903e-01,	1.87794e-01
330.82,	-1.00015e+00,	3.14115e-01,	-9.99907e-01,	1.85148e-01
331.069856,	-1.00014e+00,	3.14109e-01,	-9.99911e-01,	1.82580e-01
331.319712,	-1.00015e+00,	3.13559e-01,	-9.99917e-01,	1.79555e-01
331.569568,	-1.00014e+00,	3.12833e-01,	-9.99914e-01,	1.76308e-01
331.82045,	-1.00014e+00,	3.13096e-01,	-9.99914e-01,	1.72459e-01
332.0703,	-1.00015e+00,	3.12783e-01,	-9.99916e-01,	1.70199e-01
332.32016,	-1.00015e+00,	3.11686e-01,	-9.99908e-01,	1.67399e-01
332.57104,	-1.00015e+00,	3.11573e-01,	-9.99907e-01,	1.65513e-01
332.8209,	-1.00015e+00,	3.12267e-01,	-9.99903e-01,	1.63178e-01
333.07075,	-1.00015e+00,	3.11434e-01,	-9.99903e-01,	1.60769e-01
333.32061,	-1.00015e+00,	3.10025e-01,	-9.99904e-01,	1.58129e-01
333.57149,	-1.00014e+00,	3.10656e-01,	-9.99912e-01,	1.55341e-01
333.82134,	-1.00015e+00,	3.10667e-01,	-9.99906e-01,	1.52489e-01
334.0712,	-1.00015e+00,	3.10492e-01,	-9.99901e-01,	1.49156e-01
334.32106,	-1.00014e+00,	3.10719e-01,	-9.99902e-01,	1.45478e-01
334.57194,	-1.00014e+00,	3.10893e-01,	-9.99910e-01,	1.42292e-01
334.82179,	-1.00014e+00,	3.10978e-01,	-9.99914e-01,	1.39234e-01
335.07165,	-1.00014e+00,	3.12424e-01,	-9.99909e-01,	1.35696e-01
335.32253,	-1.00014e+00,	3.11844e-01,	-9.99915e-01,	1.31970e-01
335.57238,	-1.00014e+00,	3.12517e-01,	-9.99917e-01,	1.28060e-01
335.82224,	-1.00014e+00,	3.12596e-01,	-9.99913e-01,	1.24109e-01
336.0721,	-1.00014e+00,	3.12482e-01,	-9.99909e-01,	1.20013e-01
336.32298,	-1.00014e+00,	3.12636e-01,	-9.99909e-01,	1.15772e-01
336.57283,	-1.00014e+00,	3.12901e-01,	-9.99903e-01,	1.10403e-01
336.82269,	-1.00014e+00,	3.12377e-01,	-9.99902e-01,	1.04939e-01
337.07357,	-1.00014e+00,	3.11855e-01,	-9.99904e-01,	9.89327e-02
337.32342,	-1.00014e+00,	3.12203e-01,	-9.99905e-01,	9.34925e-02
337.57328,	-1.00014e+00,	3.11806e-01,	-9.99901e-01,	8.86002e-02
337.82314,	-1.00014e+00,	3.11209e-01,	-9.99900e-01,	8.28516e-02
338.07402,	-1.00014e+00,	3.11220e-01,	-9.99904e-01,	7.72877e-02
338.32387,	-1.00014e+00,	3.10585e-01,	-9.99908e-01,	7.17638e-02
338.57373,	-1.00014e+00,	3.09646e-01,	-9.99907e-01,	6.58958e-02
338.82358,	-1.00014e+00,	3.09783e-01,	-9.99908e-01,	5.94213e-02
339.07446,	-1.00014e+00,	3.09570e-01,	-9.99914e-01,	5.35469e-02
339.32432,	-1.00014e+00,	3.09126e-01,	-9.99915e-01,	4.75051e-02
339.57418,	-1.00014e+00,	3.09244e-01,	-9.99914e-01,	4.15578e-02
339.82506,	-1.00014e+00,	3.10096e-01,	-9.99909e-01,	3.50626e-02
340.07491,	-1.00014e+00,	3.08067e-01,	-9.99911e-01,	2.95658e-02
340.32477,	-1.00013e+00,	3.07550e-01,	-9.99907e-01,	2.30012e-02
340.57462,	-1.00013e+00,	3.07586e-01,	-9.99910e-01,	1.47715e-02
340.845,	-1.00014e+00,	3.07196e-01,	-9.99910e-01,	6.61039e-03
341.094856,	-1.00014e+00,	3.07576e-01,	-9.99915e-01,	-3.88026e-03
341.344712,	-1.00014e+00,	3.08042e-01,	-9.99917e-01,	-1.75045e-02
341.594568,	-1.00014e+00,	3.06323e-01,	-9.99920e-01,	-2.23131e-02
341.84545,	-1.00014e+00,	3.06147e-01,	-9.99920e-01,	-3.11644e-02
342.0953,	-1.00013e+00,	3.05961e-01,	-9.99921e-01,	-4.73843e-02
342.34516,	-1.00013e+00,	3.05582e-01,	-9.99915e-01,	-6.33566e-02
342.59604,	-1.00014e+00,	3.05551e-01,	-9.99918e-01,	-8.08547e-02
342.8459,	-1.00014e+00,	3.05321e-01,	-9.99920e-01,	-9.75423e-02
343.09575,	-1.00014e+00,	3.05236e-01,	-9.99915e-01,	-1.13396e-01
343.34561,	-1.00015e+00,	3.04988e-01,	-9.99914e-01,	-1.29725e-01
343.59649,	-1.00014e+00,	3.04174e-01,	-9.99910e-01,	-1.49962e-01
343.84634,	-1.00014e+00,	3.04046e-01,	-9.99903e-01,	-1.72372e-01
344.0962,	-1.00014e+00,	3.04235e-01,	-9.99899e-01,	-1.89548e-01
344.34606,	-1.00013e+00,	3.04914e-01,	-9.99900e-01,	-2.03387e-01
344.59694,	-1.00013e+00,	3.02216e-01,	-9.99900e-01,	-2.15826e-01
344.84679,	-1.00014e+00,	3.01648e-01,	-9.99896e-01,	-2.25934e-01
345.09665,	-1.00014e+00,	3.00937e-01,	-9.99897e-01,	-2.40721e-01
345.34753,	-1.00013e+00,	2.99786e-01,	-9.99893e-01,	-2.54216e-01
345.59738,	-1.00013e+00,	2.98880e-01,	-9.99894e-01,	-2.65806e-01
345.84724,	-1.00014e+00,	2.98091e-01,	-9.99895e-01,	-2.90062e-01
346.0971,	-1.00014e+00,	2.97594e-01,	-9.99897e-01,	-3.18424e-01
346.34798,	-1.00014e+00,	2.97514e-01,	-9.99894e-01,	-3.23899e-01
346.59783,	-1.00014e+00,	2.97541e-01,	-9.99898e-01,	-3.33358e-01
346.84769,	-1.00014e+00,	2.95853e-01,	-9.99903e-01,	-3.46956e-01
347.09754,	-1.00013e+00,	2.95913e-01,	-9.99907e-01,	-3.49734e-01
347.34842,	-1.00013e+00,	2.95990e-01,	-9.99906e-01,	-3.54500e-01
347.59828,	-1.00014e+00,	2.96639e-01,	-9.99903e-01,	-3.65839e-01
347.84814,	-1.00014e+00,	2.95409e-01,	-9.99901e-01,	-3.70124e-01
348.09902,	-1.00014e+00,	2.94909e-01,	-9.99902e-01,	-3.72342e-01
348.34887,	-1.00014e+00,	2.93798e-01,	-9.99901e-01,	-3.77792e-01
348.59873,	-1.00014e+00,	2.92640e-01,	-9.99901e-01,	-3.78066e-01
348.84858,	-1.00014e+00,	2.92474e-01,	-9.99903e-01,	-3.84707e-01
349.09946,	-1.00014e+00,	2.92178e-01,	-9.99906e-01,	-3.87358e-01
349.34932,	-1.00014e+00,	2.91957e-01,	-9.99909e-01,	-3.93467e-01
349.59918,	-1.00014e+00,	2.90514e-01,	-9.99910e-01,	-3.98699e-01
349.85006,	-1.00014e+00,	2.89428e-01,	-9.99905e-01,	-4.09751e-01
350.09991,	-1.00013e+00,	2.87948e-01,	-9.99908e-01,	-4.16475e-01
350.34977,	-1.00014e+00,	2.87391e-01,	-9.99910e-01,	-4.23099e-01
350.59962,	-1.00014e+00,	2.87787e-01,	-9.99908e-01,	-4.29479e-01
350.87,	-1.00014e+00,	2.86617e-01,	-9.99914e-01,	-4.36262e-01
351.119856,	-1.00013e+00,	2.86747e-01,	-9.99909e-01,	-4.41011e-01
351.369712,	-1.00013e+00,	2.86696e-01,	-9.99902e-01,	-4.55405e-01
351.619568,	-1.00014e+00,	2.84941e-01,	-9.99909e-01,	-4.74124e-01
351.87045,	-1.00014e+00,	2.84737e-01,	-9.99909e-01,	-4.79583e-01
352.1203,	-1.00014e+00,	2.84647e-01,	-9.99913e-01,	-4.79500e-01
352.37016,	-1.00013e+00,	2.83463e-01,	-9.99919e-01,	-4.81587e-01
352.62104,	-1.00013e+00,	2.83148e-01,	-9.99923e-01,	-4.87661e-01
352.8709,	-1.00013e+00,	2.82564e-01,	-9.99926e-01,	-4.94142e-01
353.12075,	-1.00013e+00,	2.82534e-01,	-9.99922e-01,	-5.00989e-01
353.37061,	-1.00013e+00,	2.81447e-01,	-9.99918e-01,	-5.06591e-01
353.62149,	-1.00013e+00,	2.80505e-01,	-9.99914e-01,	-5.17334e-01
353.87134,	-1.00013e+00,	2.79913e-01,	-9.99912e-01,	-5.24709e-01
354.1212,	-1.00013e+00,	2.79687e-01,	-9.99918e-01,	-5.32143e-01
354.37106,	-1.00012e+00,	2.79197e-01,	-9.99911e-01,	-5.40266e-01
354.62194,	-1.00012e+00,	2.78537e-01,	-9.99910e-01,	-5.48535e-01
354.87179,	-1.00012e+00,	2.77827e-01,	-9.99916e-01,	-5.58909e-01
355.12165,	-1.00012e+00,	2.77997e-01,	-9.99915e-01,	-5.68331e-01
355.37253,	-1.00012e+00,	2.77725e-01,	-9.99914e-01,	-5.77014e-01
355.62238,	-1.00012e+00,	2.77240e-01,	-9.99907e-01,	-5.86476e-01
355.87224,	-1.00012e+00,	2.76754e-01,	-9.99909e-01,	-5.94877e-01
356.1221,	-1.00012e+00,	2.76187e-01,	-9.99912e-01,	-6.04000e-01
356.37298,	-1.00011e+00,	2.75589e-01,	-9.99914e-01,	-6.11430e-01
356.62283,	-1.00011e+00,	2.75190e-01,	-9.99915e-01,	-6.22186e-01
356.87269,	-1.00011e+00,	2.74946e-01,	-9.99916e-01,	-6.43754e-01
357.12357,	-1.00011e+00,	2.75351e-01,	-9.99915e-01,	-6.66123e-01
357.37342,	-1.00011e+00,	2.73736e-01,	-9.99915e-01,	-6.77708e-01
357.62328,	-1.00010e+00,	2.73137e-01,	-9.99910e-01,	-6.90943e-01
357.87314,	-1.00011e+00,	2.72218e-01,	-9.99909e-01,	-7.01396e-01
358.12402,	-1.00011e+00,	2.72406e-01,	-9.99909e-01,	-7.12883e-01
358.37387,	-1.00011e+00,	2.70989e-01,	-9.99908e-01,	-7.25291e-01
358.62373,	-1.00011e+00,	2.71241e-01,	-9.99907e-01,	-7.37494e-01
358.87461,	-1.00011e+00,	2.70887e-01,	-9.99906e-01,	-7.50251e-01
359.12446,	-1.00012e+00,	2.71134e-01,	-9.99907e-01,	-7.63368e-01
359.37432,	-1.00012e+00,	2.70907e-01,	-9.99907e-01,	-7.75354e-01
359.62418,	-1.00012e+00,	2.70194e-01,	-9.99911e-01,	-7.86958e-01
359.87506,	-1.00012e+00,	2.70263e-01,	-9.99917e-01,	-8.00647e-01
360.12491,	-1.00012e+00,	2.70717e-01,	-9.99918e-01,	-8.15499e-01
360.37477,	-1.00011e+00,	2.69791e-01,	-9.99923e-01,	-8.31767e-01
360.62462,	-1.00011e+00,	2.68365e-01,	-9.99925e-01,	-8.50073e-01
360.895,	-1.00012e+00,	2.67994e-01,	-9.99928e-01,	-8.68749e-01
361.144856,	-1.00012e+00,	2.67420e-01,	-9.99925e-01,	-8.89678e-01
361.394712,	-1.00012e+00,	2.66997e-01,	-9.99919e-01,	-9.10310e-01
361.644568,	-1.00011e+00,	2.65813e-01,	-9.99921e-01,	-9.30589e-01
361.89545,	-1.00011e+00,	2.65669e-01,	-9.99914e-01,	-9.45567e-01
362.1453,	-1.00011e+00,	2.64559e-01,	-9.99909e-01,	-9.60019e-01
362.39516,	-1.00011e+00,	2.62859e-01,	-9.99906e-01,	-9.77110e-01
362.64502,	-1.00011e+00,	2.61315e-01,	-9.99906e-01,	-9.96059e-01
362.8959,	-1.00011e+00,	2.60298e-01,	-9.99907e-01,	-1.01036e+00
363.14575,	-1.00011e+00,	2.59283e-01,	-9.99911e-01,	-1.02847e+00
363.39561,	-1.00011e+00,	2.57907e-01,	-9.99906e-01,	-1.04547e+00
363.64649,	-1.00010e+00,	2.58192e-01,	-9.99907e-01,	-1.06371e+00
363.89634,	-1.00010e+00,	2.60044e-01,	-9.99906e-01,	-1.08324e+00
364.1462,	-1.00011e+00,	2.57767e-01,	-9.99910e-01,	-1.10249e+00
364.39606,	-1.00012e+00,	2.56152e-01,	-9.99914e-01,	-1.11516e+00
364.64694,	-1.00012e+00,	2.56024e-01,	-9.99913e-01,	-1.12949e+00
364.89679,	-1.00012e+00,	2.55138e-01,	-9.99913e-01,	-1.14623e+00
365.14665,	-1.00012e+00,	2.54236e-01,	-9.99913e-01,	-1.16407e+00
365.39753,	-1.00012e+00,	2.54250e-01,	-9.99913e-01,	-1.18487e+00
365.64738,	-1.00012e+00,	2.54514e-01,	-9.99913e-01,	-1.20554e+00
365.89724,	-1.00012e+00,	2.52658e-01,	-9.99912e-01,	-1.22651e+00
366.1471,	-1.00012e+00,	2.52138e-01,	-9.99906e-01,	-1.24867e+00
366.39798,	-1.00012e+00,	2.51887e-01,	-9.99901e-01,	-1.27310e+00
366.64783,	-1.00011e+00,	2.51852e-01,	-9.99900e-01,	-1.29511e+00
366.89769,	-1.00011e+00,	2.51576e-01,	-9.99903e-01,	-1.32168e+00
367.14857,	-1.00012e+00,	2.51240e-01,	-9.99907e-01,	-1.34756e+00
367.39842,	-1.00012e+00,	2.51103e-01,	-9.99909e-01,	-1.37707e+00
367.64828,	-1.00011e+00,	2.50377e-01,	-9.99909e-01,	-1.41244e+00
367.89814,	-1.00011e+00,	2.49324e-01,	-9.99907e-01,	-1.43920e+00
368.14902,	-1.00011e+00,	2.49027e-01,	-9.99909e-01,	-1.46525e+00
368.39887,	-1.00011e+00,	2.51454e-01,	-9.99907e-01,	-1.49314e+00
368.64873,	-1.00011e+00,	2.50626e-01,	-9.99903e-01,	-1.52429e+00
368.89858,	-1.00011e+00,	2.49526e-01,	-9.99900e-01,	-1.55998e+00
369.14946,	-1.00012e+00,	2.48207e-01,	-9.99903e-01,	-1.59315e+00
369.39932,	-1.00012e+00,	2.48596e-01,	-9.99907e-01,	-1.62522e+00
369.64918,	-1.00012e+00,	2.48375e-01,	-9.99911e-01,	-1.67075e+00
369.90006,	-1.00012e+00,	2.47378e-01,	-9.99914e-01,	-1.73023e+00
370.14991,	-1.00012e+00,	2.47157e-01,	-9.99915e-01,	-1.79276e+00
370.39977,	-1.00012e+00,	2.47616e-01,	-9.99913e-01,	-1.83215e+00
370.64962,	-1.00012e+00,	2.46835e-01,	-9.99914e-01,	-1.86438e+00
